url_real,url_predicha,acierto,distancia_minima,H1_test,H2_test,H3_test
adnxs.com,adnxs.com,True,0.0,1,8,1
adnxs.com,adnxs.com,True,0.0,1,8,1
adnxs.com,adnxs.com,True,0.0,1,8,1
adnxs.com,adnxs.com,True,0.0,1,8,1
adobe.com,adnxs.com,False,0.0,1,8,1
adobe.com,adnxs.com,False,0.0,1,8,1
adobe.com,adnxs.com,False,0.0,1,8,1
adobe.com,adnxs.com,False,0.0,1,8,1
adobe.io,adobe.io,True,0.0,4,80,2
adobe.io,adobe.io,True,2.0,4,82,2
adobe.io,adobe.io,True,2.0,4,76,2
adobe.io,adobe.io,True,0.0,4,87,2
adriver.ru,adriver.ru,True,0.0,17,15,4
adriver.ru,adriver.ru,True,0.0,17,15,4
aliyuncs.com,aliyuncs.com,True,0.0,1,6,1
aliyuncs.com,aliyuncs.com,True,0.0,1,6,1
aliyuncs.com,aliyuncs.com,True,0.0,1,6,1
aliyuncs.com,aliyuncs.com,True,0.0,1,6,1
amazon-adsystem.com,amazon-adsystem.com,True,0.0,3,6,1
amazon-adsystem.com,amazon-adsystem.com,True,0.0,3,6,1
amazon-adsystem.com,amazon-adsystem.com,True,0.0,3,6,1
amazon-adsystem.com,amazon-adsystem.com,True,0.0,3,6,1
amazon.com,amazon.com,True,2.8284271247461903,50,81,318
amazon.com,amazon.com,True,1.4142135623730951,49,89,290
amazon.com,amazon.com,True,2.23606797749979,48,84,332
amazonvideo.com,amazonvideo.com,True,1.0,15,34,50
amazonvideo.com,amazonvideo.com,True,1.0,16,34,48
amazonvideo.com,amazonvideo.com,True,1.4142135623730951,14,36,50
amazonvideo.com,amazonvideo.com,True,1.4142135623730951,15,33,50
android.com,android.com,True,0.0,1,30,11
android.com,android.com,True,0.0,1,32,10
android.com,android.com,True,0.0,1,33,10
android.com,android.com,True,1.0,1,35,10
apache.org,apache.org,True,0.0,3,45,1
apache.org,apache.org,True,0.0,3,46,1
apache.org,apache.org,True,1.0,3,42,1
apache.org,apache.org,True,0.0,3,45,1
app-analytics-services.com,app-analytics-services.com,True,0.0,1,8,2
app-analytics-services.com,app-analytics-services.com,True,0.0,1,8,2
app-analytics-services.com,app-analytics-services.com,True,0.0,1,8,2
app-analytics-services.com,app-analytics-services.com,True,0.0,1,8,2
app-measurement.com,app-analytics-services.com,False,0.0,1,8,2
app-measurement.com,app-analytics-services.com,False,0.0,1,8,2
app-measurement.com,app-analytics-services.com,False,0.0,1,8,2
app-measurement.com,app-analytics-services.com,False,0.0,1,8,2
apple.com,apple.com,True,1.0,2,40,1
apple.com,skype.com,False,1.0,2,41,1
apple.com,apple.com,True,0.0,2,38,1
apple.com,apple.com,True,0.0,2,39,1
applovin.com,applovin.com,True,0.0,1,25,8
applovin.com,applovin.com,True,0.0,1,25,9
applovin.com,applovin.com,True,0.0,1,25,9
applovin.com,applovin.com,True,0.0,1,25,9
appsflyersdk.com,adnxs.com,False,0.0,1,8,1
appsflyersdk.com,adnxs.com,False,0.0,1,8,1
appsflyersdk.com,adnxs.com,False,0.0,1,8,1
appsflyersdk.com,adnxs.com,False,0.0,1,8,1
archive.org,archive.org,True,0.0,1,65,2
archive.org,archive.org,True,2.0,1,77,2
archive.org,archive.org,True,0.0,1,69,2
archive.org,archive.org,True,1.0,1,67,2
azure.com,azure.com,True,0.0,102,72,1
azure.com,azure.com,True,0.0,102,69,1
azure.com,azure.com,True,0.0,102,70,1
azure.com,azure.com,True,0.0,102,69,1
baidu.com,baidu.com,True,0.0,1,62,1
baidu.com,baidu.com,True,0.0,1,62,1
baidu.com,baidu.com,True,0.0,3,60,1
baidu.com,baidu.com,True,0.0,3,61,1
bing.com,bing.com,True,8.0,1,139,119
bing.com,bing.com,True,11.661903789690601,1,139,149
bing.com,bing.com,True,13.0,1,134,143
bing.com,bing.com,True,6.4031242374328485,1,134,151
bit.ly,bit.ly,True,1.0,1,68,53
bit.ly,bit.ly,True,0.0,1,68,56
bit.ly,bit.ly,True,2.8284271247461903,1,70,60
blogspot.com,blogspot.com,True,1.0,1,20,5
blogspot.com,blogspot.com,True,0.0,1,18,6
blogspot.com,blogspot.com,True,0.0,1,20,6
blogspot.com,blogspot.com,True,1.0,1,27,6
casalemedia.com,casalemedia.com,True,0.0,2,53,8
casalemedia.com,casalemedia.com,True,0.0,2,58,8
casalemedia.com,casalemedia.com,True,0.0,2,58,8
casalemedia.com,casalemedia.com,True,2.0,2,63,8
cloudflare-dns.com,cloudflare-dns.com,True,0.0,1,27,11
cloudflare-dns.com,cloudflare-dns.com,True,0.0,1,26,11
cloudflare-dns.com,cloudflare-dns.com,True,0.0,1,26,11
cloudflare-dns.com,cloudflare-dns.com,True,0.0,1,26,11
cloudflare.com,cloudflare.com,True,1.0,1,9,179
cloudflare.com,cloudflare.com,True,1.0,1,12,181
cloudflare.com,cloudflare.com,True,1.0,1,12,182
cloudflare.com,cloudflare.com,True,1.0,1,12,182
cloudflare.net,cloudflare.net,True,0.0,1,16,46
cloudflare.net,cloudflare.net,True,0.0,1,16,46
cloudflare.net,cloudflare.net,True,0.0,1,16,46
cnn.com,cnn.com,True,0.0,1,10,1
cnn.com,cnn.com,True,0.0,1,10,1
cnn.com,cnn.com,True,0.0,1,10,1
cnn.com,cnn.com,True,0.0,1,10,1
criteo.com,criteo.com,True,0.0,9,136,9
criteo.com,criteo.com,True,0.0,9,132,9
criteo.com,criteo.com,True,1.0,9,141,9
criteo.com,criteo.com,True,0.0,9,132,9
digicert.com,digicert.com,True,0.0,1,16,2
digicert.com,digicert.com,True,0.0,1,16,2
digicert.com,digicert.com,True,0.0,1,16,2
discord.gg,discord.gg,True,0.0,1,18,117
discord.gg,discord.gg,True,0.0,1,18,117
discord.gg,discord.gg,True,0.0,1,20,117
dns.google,dns.google,True,0.0,1,15,4
dns.google,dns.google,True,0.0,1,15,4
dns.google,dns.google,True,0.0,1,15,4
dns.google,dns.google,True,0.0,1,15,4
doubleclick.net,doubleclick.net,True,0.0,1,32,14
doubleclick.net,doubleclick.net,True,0.0,1,32,14
doubleclick.net,doubleclick.net,True,0.0,1,33,14
dropbox.com,dropbox.com,True,4.47213595499958,2,29,601
dropbox.com,dropbox.com,True,1.4142135623730951,2,31,605
dropbox.com,dropbox.com,True,6.4031242374328485,2,30,637
dropbox.com,dropbox.com,True,3.1622776601683795,2,31,620
dzen.ru,dzen.ru,True,0.0,11,23,1
dzen.ru,dzen.ru,True,0.0,11,22,1
dzen.ru,dzen.ru,True,0.0,11,22,1
epicgames.com,epicgames.com,True,0.0,1,10,51
epicgames.com,epicgames.com,True,0.0,1,10,51
europa.eu,europa.eu,True,0.0,8,43,29
europa.eu,europa.eu,True,0.0,8,44,29
europa.eu,europa.eu,True,0.0,8,42,29
europa.eu,europa.eu,True,1.4142135623730951,10,41,29
facebook.com,facebook.com,True,0.0,1,7,26
facebook.com,facebook.com,True,0.0,1,7,26
facebook.com,facebook.com,True,0.0,1,7,26
fastly.net,fastly.net,True,0.0,10,109,46
fastly.net,fastly.net,True,0.0,10,111,45
fastly.net,fastly.net,True,1.0,10,111,46
fbcdn.net,facebook.com,False,0.0,1,7,26
fbcdn.net,facebook.com,False,0.0,1,7,26
fbcdn.net,facebook.com,False,0.0,1,7,26
flickr.com,flickr.com,True,1.0,1,58,191
flickr.com,flickr.com,True,0.0,1,52,191
flickr.com,flickr.com,True,2.0,1,50,191
flickr.com,flickr.com,True,2.23606797749979,1,50,190
forbes.com,forbes.com,True,1.0,1,33,24
forbes.com,forbes.com,True,0.0,1,28,23
forbes.com,forbes.com,True,0.0,1,28,23
forbes.com,forbes.com,True,0.0,1,33,23
forms.gle,adnxs.com,False,0.0,1,8,1
forms.gle,adnxs.com,False,0.0,1,8,1
forms.gle,adnxs.com,False,0.0,1,8,1
forms.gle,adnxs.com,False,0.0,1,8,1
gandi.net,gandi.net,True,0.0,3,28,1
gandi.net,gandi.net,True,0.0,3,28,1
gandi.net,gandi.net,True,0.0,3,28,1
gandi.net,gandi.net,True,0.0,3,28,1
github.com,github.com,True,0.0,1,95,1
github.com,roblox.com,False,1.0,1,88,1
github.com,github.com,True,0.0,1,96,1
github.com,github.com,True,0.0,1,94,1
github.io,github.io,True,0.0,1,53,1
github.io,github.io,True,0.0,1,57,1
github.io,windows.net,False,0.0,1,59,1
github.io,github.io,True,0.0,1,57,1
gmail.com,gmail.com,True,0.0,1,11,2
gmail.com,gmail.com,True,0.0,1,11,2
gmail.com,gmail.com,True,0.0,1,11,2
goo.gl,goo.gl,True,0.0,1,9,1
goo.gl,goo.gl,True,0.0,1,9,1
goo.gl,goo.gl,True,0.0,1,9,1
goo.gl,goo.gl,True,0.0,1,9,1
google-analytics.com,google-analytics.com,True,0.0,1,34,8
google-analytics.com,google-analytics.com,True,0.0,1,34,8
google.com,google.com,True,0.0,1,16,41
google.com,google.com,True,0.0,1,16,41
google.com,google.com,True,0.0,1,14,41
googleadservices.com,app-analytics-services.com,False,0.0,1,8,2
googleadservices.com,app-analytics-services.com,False,0.0,1,8,2
googleadservices.com,app-analytics-services.com,False,0.0,1,8,2
googleadservices.com,app-analytics-services.com,False,0.0,1,8,2
googleapis.com,app-analytics-services.com,False,0.0,1,8,2
googleapis.com,app-analytics-services.com,False,0.0,1,8,2
googleapis.com,app-analytics-services.com,False,0.0,1,8,2
googleapis.com,app-analytics-services.com,False,0.0,1,8,2
googledomains.com,googledomains.com,True,0.0,1,12,3
googledomains.com,googledomains.com,True,0.0,1,12,3
googledomains.com,googledomains.com,True,0.0,1,12,3
googledomains.com,googledomains.com,True,0.0,1,12,3
googlesyndication.com,googlesyndication.com,True,0.0,1,17,40
googlesyndication.com,google.com,False,1.0,1,16,40
googlesyndication.com,google.com,False,1.0,1,16,40
googletagmanager.com,app-analytics-services.com,False,0.0,1,8,2
googletagmanager.com,app-analytics-services.com,False,0.0,1,8,2
googletagmanager.com,app-analytics-services.com,False,0.0,1,8,2
googletagmanager.com,app-analytics-services.com,False,0.0,1,8,2
googleusercontent.com,app-analytics-services.com,False,0.0,1,8,2
googleusercontent.com,app-analytics-services.com,False,0.0,1,8,2
googleusercontent.com,app-analytics-services.com,False,0.0,1,8,2
googleusercontent.com,app-analytics-services.com,False,0.0,1,8,2
googlevideo.com,googlesyndication.com,False,0.0,1,17,40
googlevideo.com,googlesyndication.com,False,0.0,1,17,40
googlevideo.com,google.com,False,1.0,1,16,40
gravatar.com,gravatar.com,True,0.0,1,27,19
gravatar.com,gravatar.com,True,0.0,1,27,19
gravatar.com,gravatar.com,True,0.0,1,27,19
gstatic.com,gstatic.com,True,0.0,1,9,2
gstatic.com,gstatic.com,True,0.0,1,9,2
gstatic.com,gstatic.com,True,0.0,1,9,2
gstatic.com,gstatic.com,True,0.0,1,9,2
health.mil,health.mil,True,0.0,4,6,1
health.mil,health.mil,True,0.0,4,6,1
health.mil,health.mil,True,0.0,4,6,1
health.mil,health.mil,True,0.0,4,6,1
icloud.com,icloud.com,True,0.0,4,29,1
icloud.com,icloud.com,True,0.0,4,29,1
icloud.com,icloud.com,True,0.0,4,32,1
icloud.com,icloud.com,True,0.0,4,32,1
instagram.com,instagram.com,True,0.0,1,10,40
instagram.com,instagram.com,True,1.0,1,10,41
intuit.com,intuit.com,True,0.0,4,93,1
intuit.com,intuit.com,True,0.0,4,92,1
intuit.com,intuit.com,True,1.0,4,91,1
ivi.ru,ivi.ru,True,2.23606797749979,72,161,5
ivi.ru,ivi.ru,True,1.4142135623730951,74,141,6
ivi.ru,ivi.ru,True,2.8284271247461903,74,133,4
ivi.ru,ivi.ru,True,2.0,71,138,5
kaspersky.com,github.com,False,1.0,1,94,2
kaspersky.com,kaspersky.com,True,0.0,2,98,3
kaspersky.com,kaspersky.com,True,0.0,1,98,2
lencr.org,lencr.org,True,0.0,6,24,1
lencr.org,lencr.org,True,0.0,6,24,1
lencr.org,lencr.org,True,0.0,6,23,1
lencr.org,lencr.org,True,0.0,6,25,1
linkedin.com,linkedin.com,True,1.0,2,30,76
linkedin.com,linkedin.com,True,0.0,2,31,75
linkedin.com,linkedin.com,True,0.0,2,31,75
linkos.bg,linkos.bg,True,0.0,33,10,2
linkos.bg,linkos.bg,True,0.0,33,10,2
linkos.bg,linkos.bg,True,0.0,33,12,2
linkos.bg,linkos.bg,True,0.0,33,10,2
live.com,live.com,True,1.0,1,140,6
live.com,outlook.com,False,2.449489742783178,1,147,6
live.com,vk.com,False,5.385164807134504,1,151,6
mail.ru,mail.ru,True,1.4142135623730951,84,249,1
mail.ru,mail.ru,True,1.4142135623730951,85,252,1
mail.ru,mail.ru,True,1.4142135623730951,83,245,1
mail.ru,mail.ru,True,1.4142135623730951,83,254,1
medium.com,medium.com,True,0.0,1,10,54
medium.com,medium.com,True,1.0,1,8,54
medium.com,medium.com,True,0.0,1,10,54
meraki.com,meraki.com,True,0.0,1,50,1
meraki.com,github.io,False,0.0,1,53,1
meraki.com,meraki.com,True,0.0,1,50,1
meraki.com,meraki.com,True,1.0,5,53,1
microsoft.com,microsoft.com,True,0.0,8,92,1
microsoft.com,microsoft.com,True,0.0,8,93,1
microsoft.com,microsoft.com,True,0.0,8,93,1
microsoft.com,microsoft.com,True,0.0,8,93,1
miui.com,miui.com,True,0.0,2,37,1
miui.com,miui.com,True,1.0,2,34,1
miui.com,miui.com,True,1.0,2,36,1
mozilla.org,mozilla.org,True,0.0,1,43,4
mozilla.org,mozilla.org,True,2.0,1,48,4
mozilla.org,mozilla.org,True,0.0,1,44,4
mozilla.org,mozilla.org,True,0.0,1,45,4
msn.com,msn.com,True,1.0,1,631,62
msn.com,msn.com,True,3.1622776601683795,1,636,58
msn.com,msn.com,True,5.830951894845301,1,623,58
mts.ru,mts.ru,True,8.246211251235321,24,386,4
mts.ru,mts.ru,True,2.23606797749979,24,404,6
mts.ru,mts.ru,True,0.0,24,405,4
myfritz.net,myfritz.net,True,0.0,2,63,1
myfritz.net,baidu.com,False,0.0,2,62,1
myfritz.net,myfritz.net,True,0.0,2,56,1
netflix.com,netflix.com,True,0.0,44,24,9
netflix.com,netflix.com,True,0.0,44,24,8
nginx.com,nginx.com,True,0.0,3,90,4
nginx.com,nginx.com,True,0.0,3,90,4
nginx.com,nginx.com,True,1.0,3,86,4
nginx.com,nginx.com,True,0.0,3,95,4
nginx.org,nginx.org,True,0.0,9,6,1
nginx.org,nginx.org,True,0.0,9,6,1
nginx.org,nginx.org,True,0.0,9,6,1
nginx.org,nginx.org,True,0.0,9,6,1
nic.ru,nic.ru,True,1.0,15,104,5
nic.ru,nic.ru,True,1.7320508075688772,16,110,4
nic.ru,nic.ru,True,2.23606797749979,15,102,5
nic.ru,nic.ru,True,2.23606797749979,15,108,3
nih.gov,nih.gov,True,1.0,2,47,7
nih.gov,nih.gov,True,0.0,2,54,7
nih.gov,nih.gov,True,0.0,2,48,7
nist.gov,nist.gov,True,0.0,10,92,1
nist.gov,nist.gov,True,0.0,10,92,1
nist.gov,nist.gov,True,0.0,10,91,1
nist.gov,nist.gov,True,0.0,10,90,1
ntp.org,ntp.org,True,0.0,20,20,6
ntp.org,ntp.org,True,0.0,20,20,6
ntp.org,ntp.org,True,0.0,19,20,6
ntp.org,ntp.org,True,0.0,20,20,6
nytimes.com,nytimes.com,True,1.0,1,466,70
nytimes.com,nytimes.com,True,2.23606797749979,1,469,69
nytimes.com,nytimes.com,True,1.0,1,470,70
office.com,office.com,True,2.23606797749979,5,51,13
office.com,office.com,True,3.0,5,59,13
office.com,office.com,True,2.0,5,52,19
office.com,office.com,True,1.4142135623730951,5,54,13
office365.com,office365.com,True,1.0,5,122,1
office365.com,office365.com,True,0.0,5,123,1
office365.com,office365.com,True,1.0,5,117,1
office365.com,office365.com,True,1.0,5,126,1
okcdn.ru,goo.gl,False,0.0,1,9,1
okcdn.ru,goo.gl,False,0.0,1,9,1
okcdn.ru,goo.gl,False,0.0,1,9,1
okcdn.ru,goo.gl,False,0.0,1,9,1
one.one,one.one,True,0.0,6,62,26
one.one,one.one,True,0.0,6,62,26
one.one,one.one,True,0.0,6,63,27
one.one,one.one,True,0.0,6,63,26
opera.com,opera.com,True,0.0,2,51,2
opera.com,opera.com,True,0.0,2,50,2
opera.com,opera.com,True,0.0,2,49,2
opera.com,opera.com,True,1.0,2,53,2
outlook.com,outlook.com,True,1.4142135623730951,3,143,5
outlook.com,outlook.com,True,1.4142135623730951,3,145,5
outlook.com,outlook.com,True,2.23606797749979,2,148,3
outlook.com,live.com,False,1.4142135623730951,2,138,5
paypal.com,paypal.com,True,1.0,1,39,89
paypal.com,paypal.com,True,1.0,1,39,85
paypal.com,paypal.com,True,1.0,1,39,84
pinterest.com,pinterest.com,True,2.23606797749979,1,45,296
pinterest.com,pinterest.com,True,2.8284271247461903,1,45,301
pinterest.com,pinterest.com,True,3.0,1,43,298
pki.goog,blogspot.com,False,0.0,1,28,5
pki.goog,blogspot.com,False,0.0,1,28,5
pki.goog,blogspot.com,False,0.0,1,28,5
pki.goog,blogspot.com,False,0.0,1,28,5
qq.com,qq.com,True,15.0,1,196,28
qq.com,qq.com,True,3.1622776601683795,1,177,62
qq.com,qq.com,True,10.63014581273465,1,177,29
qq.com,qq.com,True,6.0,1,223,63
reddit.com,reddit.com,True,0.0,1,9,3
reddit.com,reddit.com,True,0.0,1,9,3
reddit.com,reddit.com,True,0.0,1,9,3
reddit.com,reddit.com,True,0.0,1,9,3
roblox.com,github.com,False,0.0,1,93,1
roblox.com,roblox.com,True,1.0,1,88,1
roblox.com,roblox.com,True,1.0,1,89,1
roblox.com,roblox.com,True,0.0,1,87,1
rubiconproject.com,rubiconproject.com,True,0.0,2,51,38
rubiconproject.com,rubiconproject.com,True,0.0,2,55,38
rubiconproject.com,rubiconproject.com,True,0.0,2,55,38
rubiconproject.com,rubiconproject.com,True,0.0,2,56,38
samsung.com,samsung.com,True,0.0,2,31,55
samsung.com,samsung.com,True,0.0,2,29,57
samsung.com,samsung.com,True,1.0,2,33,55
samsung.com,samsung.com,True,1.0,2,30,55
sciencedirect.com,sciencedirect.com,True,0.0,1,17,1
sciencedirect.com,sciencedirect.com,True,0.0,1,17,1
sciencedirect.com,sciencedirect.com,True,0.0,1,17,1
sentry.io,sentry.io,True,0.0,1,22,13
sentry.io,sentry.io,True,0.0,1,22,14
sentry.io,sentry.io,True,0.0,1,22,14
sentry.io,sentry.io,True,0.0,1,22,14
sharepoint.com,sharepoint.com,True,0.0,4,111,1
sharepoint.com,sharepoint.com,True,0.0,4,108,1
sharepoint.com,sharepoint.com,True,1.0,4,110,1
sharepoint.com,sharepoint.com,True,0.0,4,107,1
skype.com,miui.com,False,0.0,1,39,1
skype.com,skype.com,True,0.0,1,40,1
skype.com,miui.com,False,0.0,1,37,1
skype.com,miui.com,False,0.0,1,38,1
snapchat.com,samsung.com,False,0.0,2,31,57
snapchat.com,snapchat.com,True,0.0,2,33,57
soundcloud.com,soundcloud.com,True,1.0,29,114,16
soundcloud.com,soundcloud.com,True,1.0,28,109,16
soundcloud.com,soundcloud.com,True,0.0,28,112,16
spotify.com,spotify.com,True,0.0,22,66,259
spotify.com,spotify.com,True,0.0,22,65,260
spotify.com,spotify.com,True,0.0,22,65,260
t-online.de,t-online.de,True,0.0,1,74,33
t-online.de,t-online.de,True,0.0,1,75,33
t-online.de,t-online.de,True,0.0,1,77,33
t-online.de,t-online.de,True,1.0,1,76,26
t.co,goo.gl,False,0.0,1,9,1
t.co,goo.gl,False,0.0,1,9,1
t.co,goo.gl,False,0.0,1,9,1
t.co,goo.gl,False,0.0,1,9,1
t.me,t.me,True,0.0,1,51,1
t.me,t.me,True,0.0,1,51,1
t.me,t.me,True,0.0,1,52,1
t.me,meraki.com,False,0.0,1,50,1
telekom.de,telekom.de,True,0.0,1,22,60
telekom.de,telekom.de,True,0.0,1,20,60
telekom.de,telekom.de,True,0.0,1,21,60
telekom.net,telekom.net,True,0.0,5,46,1
telekom.net,telekom.net,True,0.0,5,45,1
telekom.net,telekom.net,True,0.0,5,43,1
telekom.net,telekom.net,True,0.0,5,43,1
theguardian.com,theguardian.com,True,0.0,1,44,64
theguardian.com,zoom.us,False,0.0,1,48,64
theguardian.com,theguardian.com,True,0.0,1,46,64
theguardian.com,theguardian.com,True,0.0,1,42,64
tiktok.com,tiktok.com,True,2.0,6,357,9
tiktok.com,tiktok.com,True,1.4142135623730951,6,352,10
tiktok.com,tiktok.com,True,8.06225774829855,1,319,10
tiktok.com,tiktok.com,True,1.4142135623730951,3,327,9
tiktokv.com,adnxs.com,False,0.0,1,8,1
tiktokv.com,adnxs.com,False,0.0,1,8,1
tiktokv.com,adnxs.com,False,0.0,1,8,1
tiktokv.com,adnxs.com,False,0.0,1,8,1
trbcdn.net,amazon-adsystem.com,False,0.0,3,6,1
trbcdn.net,amazon-adsystem.com,False,0.0,3,6,1
trbcdn.net,amazon-adsystem.com,False,0.0,3,6,1
trbcdn.net,amazon-adsystem.com,False,0.0,3,6,1
tumblr.com,tumblr.com,True,1.0,1,30,29
tumblr.com,wordpress.org,False,0.0,1,30,24
tumblr.com,wordpress.org,False,0.0,1,30,24
tumblr.com,tumblr.com,True,1.0,1,26,36
twitter.com,github.com,False,1.0,2,91,1
twitter.com,twitter.com,True,0.0,2,92,1
twitter.com,twitter.com,True,0.0,2,92,1
twitter.com,twitter.com,True,0.0,2,90,1
ui.com,ui.com,True,3.1622776601683795,1,36,74
ui.com,ui.com,True,0.0,1,39,71
ui.com,ui.com,True,0.0,1,41,72
ui.com,ui.com,True,1.0,1,38,71
unity3d.com,adnxs.com,False,0.0,1,8,1
unity3d.com,adnxs.com,False,0.0,1,8,1
unity3d.com,adnxs.com,False,0.0,1,8,1
unity3d.com,adnxs.com,False,0.0,1,8,1
userapi.com,userapi.com,True,2.0,6,150,2
userapi.com,userapi.com,True,0.0,6,158,2
userapi.com,userapi.com,True,1.0,6,159,3
userapi.com,userapi.com,True,0.0,6,155,2
vimeo.com,vimeo.com,True,2.0,44,198,10
vimeo.com,vimeo.com,True,1.0,44,186,14
vimeo.com,vimeo.com,True,1.4142135623730951,44,186,15
vimeo.com,vimeo.com,True,1.4142135623730951,44,206,11
vk.com,userapi.com,False,1.0,6,154,4
vk.com,userapi.com,False,1.0,6,153,3
vk.com,vk.com,True,0.0,6,160,2
vk.com,userapi.com,False,1.0,6,155,1
w3.org,w3.org,True,0.0,1,6,23
w3.org,w3.org,True,0.0,1,6,23
w3.org,w3.org,True,0.0,1,6,23
w3.org,w3.org,True,0.0,1,6,23
whatsapp.com,whatsapp.com,True,0.0,1,19,23
whatsapp.com,whatsapp.com,True,0.0,1,19,23
whatsapp.com,whatsapp.com,True,0.0,1,19,23
whatsapp.net,whatsapp.net,True,0.0,1,20,23
whatsapp.net,whatsapp.com,False,0.0,1,19,22
whatsapp.net,whatsapp.net,True,0.0,1,20,23
whatsapp.net,whatsapp.com,False,0.0,1,19,23
wikipedia.org,wikipedia.org,True,0.0,1,18,1
wikipedia.org,wikipedia.org,True,0.0,1,18,1
wikipedia.org,wikipedia.org,True,0.0,1,18,1
wikipedia.org,wikipedia.org,True,0.0,1,18,1
wildberries.ru,wildberries.ru,True,0.0,1,49,1
wildberries.ru,wildberries.ru,True,0.0,1,48,1
wildberries.ru,wildberries.ru,True,0.0,1,49,1
wildberries.ru,wildberries.ru,True,0.0,1,49,1
windows.com,windows.com,True,0.0,12,105,1
windows.com,windows.com,True,1.0,13,111,1
windows.com,windows.com,True,1.0,11,108,1
windows.com,windows.com,True,1.0,11,108,1
windows.net,baidu.com,False,0.0,1,62,1
windows.net,github.io,False,0.0,1,57,1
windows.net,github.io,False,0.0,1,60,1
windows.net,github.io,False,0.0,1,60,1
wordpress.com,wordpress.com,True,1.0,2,36,32
wordpress.com,wordpress.com,True,0.0,2,36,33
wordpress.com,wordpress.com,True,0.0,2,38,31
wordpress.com,wordpress.com,True,1.0,2,39,30
wordpress.org,wordpress.org,True,0.0,1,29,24
wordpress.org,wordpress.org,True,0.0,1,29,24
wordpress.org,wordpress.org,True,0.0,1,31,22
wordpress.org,forbes.com,False,1.0,1,33,22
workers.dev,github.io,False,0.0,1,57,1
workers.dev,baidu.com,False,0.0,1,62,1
workers.dev,baidu.com,False,0.0,1,62,1
workers.dev,github.io,False,0.0,1,57,1
x.com,twitter.com,False,0.0,2,90,1
x.com,twitter.com,False,0.0,2,89,1
x.com,twitter.com,False,0.0,2,89,1
x.com,twitter.com,False,0.0,2,90,1
xiaomi.com,adnxs.com,False,0.0,1,8,1
xiaomi.com,adnxs.com,False,0.0,1,8,1
xiaomi.com,adnxs.com,False,0.0,1,8,1
xiaomi.com,adnxs.com,False,0.0,1,8,1
yahoo.com,yahoo.com,True,0.0,6,18,1
yahoo.com,yahoo.com,True,0.0,6,19,1
yahoo.com,yahoo.com,True,0.0,6,19,1
yahoo.com,yahoo.com,True,0.0,6,19,1
yandex.net,dzen.ru,False,1.0,12,25,1
yandex.net,yandex.net,True,0.0,9,24,1
yandex.net,dzen.ru,False,2.0,13,25,1
yandex.net,yandex.net,True,0.0,9,24,1
yandex.ru,dzen.ru,False,0.0,11,23,1
yandex.ru,dzen.ru,False,0.0,11,23,1
yandex.ru,dzen.ru,False,0.0,11,23,1
yandex.ru,dzen.ru,False,0.0,11,24,1
youtu.be,youtube.com,False,0.0,1,26,60
youtu.be,youtube.com,False,1.0,1,25,61
youtu.be,youtube.com,False,1.0,1,25,58
youtu.be,youtu.be,True,1.0,1,27,54
youtube.com,youtu.be,False,1.0,1,26,63
youtube.com,youtu.be,False,1.0,1,27,61
youtube.com,youtube.com,True,1.0,1,26,62
youtube.com,youtube.com,True,1.0,1,26,62
zoom.us,zoom.us,True,0.0,1,48,64
zoom.us,zoom.us,True,1.0,1,52,62
zoom.us,zoom.us,True,0.0,1,50,63
zoom.us,zoom.us,True,0.0,1,52,63
