url,num_accesos,media_intra,desv_tipica_intra,min_intra,max_intra
adnxs.com,20,0.0,0.0,0.0,0.0
health.mil,20,0.0,0.0,0.0,0.0
unity3d.com,20,0.1,0.3,0.0,1.0
app-analytics-services.com,20,0.1,0.30000000000000004,0.0,1.0
gstatic.com,20,0.1,0.30000000000000004,0.0,1.0
t.co,20,0.1,0.30000000000000004,0.0,1.0
nginx.org,20,0.1,0.30000000000000004,0.0,1.0
app-measurement.com,20,0.1,0.30000000000000004,0.0,1.0
reddit.com,20,0.1,0.30000000000000004,0.0,1.0
trbcdn.net,20,0.1,0.30000000000000004,0.0,1.0
cnn.com,20,0.18947368421052632,0.39188443092602704,0.0,1.0
amazon-adsystem.com,20,0.18947368421052632,0.39188443092602704,0.0,1.0
googleadservices.com,20,0.19691691348617418,0.4015267477803672,0.0,1.4142135623730951
forms.gle,20,0.19691691348617418,0.4015267477803672,0.0,1.4142135623730951
googleusercontent.com,20,0.19691691348617418,0.4015267477803672,0.0,1.4142135623730951
adobe.com,20,0.19691691348617418,0.4015267477803672,0.0,1.4142135623730951
appsflyersdk.com,20,0.2,0.4129483209670112,0.0,2.0
okcdn.ru,20,0.2,0.41294832096701123,0.0,2.0
googletagmanager.com,20,0.28330751118287467,0.45739538510777694,0.0,1.4142135623730951
googledomains.com,20,0.28330751118287467,0.457395385107777,0.0,1.4142135623730951
gandi.net,20,0.28330751118287467,0.45739538510777705,0.0,1.4142135623730951
goo.gl,20,0.23783102594886624,0.4933927473079734,0.0,1.7320508075688772
ntp.org,20,0.8326268731891485,0.5994698232527057,0.0,2.23606797749979
googleapis.com,20,0.2,0.6000000000000001,0.0,2.0
medium.com,20,1.0229151326967745,0.6164092964691762,0.0,2.449489742783178
wikipedia.org,20,0.2894736842105263,0.6286114496019279,0.0,2.0
wildberries.ru,20,0.7965494102248107,0.6466379327087723,0.0,2.23606797749979
cloudflare.net,20,0.8615876859856727,0.6527539444457098,0.0,2.8284271247461903
gravatar.com,20,0.8898632895243227,0.6631155806685379,0.0,2.8284271247461903
epicgames.com,20,1.1471675587222965,0.6765284936655973,0.0,3.0
tiktokv.com,20,0.3928962186309099,0.6831436107909372,0.0,3.0
cloudflare-dns.com,20,0.9072124679370458,0.7168037690210151,0.0,3.1622776601683795
whatsapp.net,20,1.2254883249154596,0.7734199153732088,0.0,3.1622776601683795
yahoo.com,20,0.7914642294801618,0.7812979449074032,0.0,3.0
xiaomi.com,20,0.37894736842105264,0.7837688618520541,0.0,2.0
dns.google,20,0.5226579293931637,0.7917251346537197,0.0,3.3166247903554
gmail.com,20,0.6125118499516395,0.8544544408940463,0.0,3.0
sentry.io,20,1.346116481146718,0.857519002843558,0.0,3.605551275463989
adriver.ru,20,1.0633953288924254,0.9152111380011444,0.0,4.123105625617661
facebook.com,20,0.8635780780216348,0.9299243081831623,0.0,2.8284271247461903
fbcdn.net,20,1.3270930341736005,0.9469523829052926,0.0,3.605551275463989
sciencedirect.com,20,0.8677970679344134,0.9512218383355907,0.0,3.1622776601683795
linkos.bg,20,1.065312141855468,0.9716261672250123,0.0,3.1622776601683795
aliyuncs.com,20,0.7093530928420876,0.9716926523999224,0.0,2.23606797749979
icloud.com,20,1.5552256709857069,1.0524204966555628,0.0,4.0
pki.goog,20,0.5435719460883213,1.0830284354795743,0.0,3.7416573867739413
whatsapp.com,20,1.2434412929212308,1.0911901100731882,0.0,5.0
digicert.com,20,1.0412343657791754,1.0978636890484013,0.0,4.123105625617661
baidu.com,20,2.097680511755827,1.1096465283901142,0.0,5.385164807134504
telekom.net,20,1.5929280318244847,1.1514070436490371,0.0,5.0
lencr.org,20,1.5789580599472701,1.2059269737343903,0.0,5.0
samsung.com,20,2.278726330733922,1.2061404274264866,0.0,5.916079783099616
t.me,20,1.6377280114049872,1.214801093801603,0.0,6.0
applovin.com,20,1.077798194119418,1.2232112612280133,0.0,4.58257569495584
one.one,20,1.942945790054785,1.3073531210901579,0.0,7.0
android.com,20,2.312713910908415,1.3194044302264682,0.0,6.324555320336759
google.com,20,1.9225289838623008,1.3293006435514245,0.0,6.324555320336759
azure.com,20,1.7888620365253245,1.341630580405228,0.0,7.0
windows.net,20,2.177549761116082,1.3476541747441737,0.0,6.0
miui.com,20,2.4111550010281477,1.3560837510877866,0.0,6.082762530298219
nist.gov,20,1.798209509094247,1.484346545341143,0.0,6.082762530298219
googlevideo.com,20,1.8767633477322099,1.500481105224356,0.0,5.0990195135927845
bit.ly,20,2.8441927680597594,1.5043932587804076,0.0,7.280109889280518
wordpress.com,20,2.894003065334427,1.5520814360563469,0.0,6.4031242374328485
github.io,20,2.244168909388729,1.5527634485605446,0.0,7.0
googlesyndication.com,20,1.938023021887951,1.6163192194810634,0.0,6.324555320336759
flickr.com,20,3.4449792976916354,1.6671790724240376,0.0,8.06225774829855
wordpress.org,20,2.5115503647719026,1.7464276400859637,0.0,9.486832980505138
ui.com,20,3.5359988677295835,1.75225460990731,0.0,7.615773105863909
theguardian.com,20,2.6744244627748888,1.7592106792433588,0.0,7.14142842854285
europa.eu,20,3.1331370781297623,1.7649450407921816,0.0,8.12403840463596
opera.com,20,2.63313685076379,1.7720819776963102,0.0,7.0710678118654755
rubiconproject.com,20,2.3066730287030235,1.7874700031995594,0.0,7.211102550927978
youtube.com,20,3.267224310694362,1.8032085550710544,0.0,9.1104335791443
skype.com,20,2.797244757658458,1.8141695729552092,0.0,7.0
apache.org,20,2.2525435666388556,1.8150670877478559,0.0,8.0
github.com,20,2.761999836673901,1.9822340020934577,0.0,10.0
google-analytics.com,20,2.0246108393962747,2.014657709349461,0.0,10.0
w3.org,20,0.9886808124866581,2.119181753331295,0.0,7.810249675906654
myfritz.net,20,3.593007188068863,2.301208922366723,0.0,10.198039027185569
x.com,20,2.777987329171759,2.313267699941521,0.0,11.0
mozilla.org,20,2.128400497542485,2.3138975449178156,0.0,11.0
youtu.be,20,4.68309367833329,2.3653645362667577,1.0,11.180339887498949
nih.gov,20,3.5345518456893403,2.393323187894402,0.0,8.12403840463596
netflix.com,20,2.058520919722934,2.4982872115679777,0.0,10.198039027185569
apple.com,20,2.057894736842105,2.5030120359434074,0.0,8.0
windows.com,20,3.36396066444795,2.6763250954373916,0.0,13.038404810405298
archive.org,20,3.752101014141184,2.683409277039519,0.0,12.0
workers.dev,20,3.9188530399905166,2.7145730125437355,0.0,13.0
casalemedia.com,20,3.841166084498684,2.7247734731015902,0.0,13.038404810405298
twitter.com,20,3.0782777579374487,2.7324551795309455,0.0,13.038404810405298
cloudflare.com,20,3.829444029234192,2.9635665756002902,0.0,15.811388300841896
criteo.com,20,5.50521772299351,3.1073679726055916,0.0,17.233687939614086
office365.com,20,4.446023488938291,3.179081525588059,0.0,15.033296378372908
doubleclick.net,20,3.6960108740744633,3.370542426717436,0.0,11.313708498984761
nic.ru,20,6.361323418505021,3.4015300190418354,0.0,18.708286933869708
fastly.net,20,4.162217604689702,3.4446216476445786,0.0,13.341664064126334
userapi.com,20,5.304982103740565,3.470068501529633,0.0,14.035668847618199
sharepoint.com,20,5.171835998592839,3.602558562068477,0.0,18.110770276274835
nginx.com,20,4.871310560260122,3.632719259036115,0.0,17.0
blogspot.com,20,5.406493370050774,3.6794361649889504,0.0,13.038404810405298
vk.com,20,5.7367240086045035,3.820374432826634,0.0,19.026297590440446
soundcloud.com,20,4.869551328478657,3.9580825190656146,0.0,13.92838827718412
microsoft.com,20,4.999117005901702,4.061162356717618,0.0,18.05547008526779
mail.ru,20,6.033361858635226,4.077359497547325,0.0,21.0
office.com,20,7.478907118263688,4.246689224444884,0.0,23.62202362203543
live.com,20,7.115888228372545,4.541148473475752,0.0,21.0
linkedin.com,20,5.805024466507341,4.748030771426094,0.0,22.360679774997898
meraki.com,20,6.076945305413488,4.86309398669551,0.0,26.0
tumblr.com,20,7.498744570621704,5.117090905803387,0.0,18.027756377319946
t-online.de,20,7.731275337517542,5.727680946414008,0.0,27.85677655436824
kaspersky.com,20,8.478737993229247,5.836405882143414,0.0,24.20743687382041
roblox.com,20,5.457776459935292,5.855455603443896,0.0,23.600847442411894
instagram.com,20,5.569680773265624,6.299099624860307,0.0,28.071337695236398
snapchat.com,20,6.316201216629782,6.805208692533917,0.0,28.635642126552707
forbes.com,20,7.607210218050901,7.342653690914325,0.0,28.231188426986208
discord.gg,20,5.130376776335056,7.412668560341377,0.0,27.477263328068172
vimeo.com,20,12.373793460082672,7.572441283110926,1.0,33.24154027718932
adobe.io,20,11.05920999632424,8.181119505450654,0.0,29.0
ivi.ru,20,11.652041160769894,8.206123512567535,0.0,40.124805295477756
amazonvideo.com,20,7.346838005499024,8.862563057746561,0.0,27.331300737432898
tiktok.com,20,14.374694136244083,9.561422491887775,1.4142135623730951,42.0
nytimes.com,20,9.808200320761049,10.21888067536247,0.0,43.3358973600409
spotify.com,20,9.611140864311409,10.341264949707437,0.0,27.65863337187866
mts.ru,20,18.01063551478458,13.70828247278194,0.0,71.03520254071216
bing.com,20,35.02308036291891,17.774749973751135,3.605551275463989,75.71657678474378
qq.com,20,33.59279418877905,18.958208044921932,1.0,77.83315488916018
outlook.com,20,26.746858533579196,21.97487274750214,0.0,96.08850087289322
zoom.us,20,9.731998661402143,22.468663369978515,0.0,77.83315488916018
yandex.net,20,18.022885995380026,22.87464239300936,0.0,52.03844732503075
dropbox.com,20,35.28103511654052,26.57494136350738,1.4142135623730951,129.71507237017602
paypal.com,20,26.268231135205017,32.00412853920196,0.0,78.03204469959762
pinterest.com,20,42.74710836503148,34.849760100463165,1.4142135623730951,131.4610208388783
intuit.com,20,35.90910447061385,40.145582509983704,0.0,92.02173656261873
telekom.de,20,36.01902260207644,49.41279943125274,0.0,108.05091392487155
yandex.ru,20,42.679454542427756,58.05733057629375,0.0,135.8050072714552
amazon.com,20,50.94032085415496,61.24755226655319,0.0,246.3980519403512
dzen.ru,20,46.36857027625006,62.765376862102265,0.0,144.1735065814798
msn.com,20,157.64678614560103,390.402991895709,1.0,1339.8111807265977
