url,max_intra,min_inter,url_mas_cercana,access_id_url,access_id_url_mas_cercana,riesgo_solape,solape_exacto,distancia_wasserstein_min,distancia_lcss_min,distancia_watson_min
adnxs.com,0.0,0.0,appsflyersdk.com,captura_0000123_H123.csv:linea_3,captura_0000052_H123.csv:linea_3,True,True,0.0,0.0,0.0
app-analytics-services.com,0.1432765151515151,0.0,app-measurement.com,captura_0000130_H123.csv:linea_3,captura_0000138_H123.csv:linea_3,True,False,0.0,0.0,0.0
app-measurement.com,0.1163194444444444,0.0,app-analytics-services.com,captura_0000138_H123.csv:linea_3,captura_0000130_H123.csv:linea_3,True,False,0.0,0.0,0.0
appsflyersdk.com,0.2714531680440771,0.0,adnxs.com,captura_0000052_H123.csv:linea_3,captura_0000123_H123.csv:linea_3,True,False,0.0,0.0,0.0
forms.gle,0.3296831955922865,0.0,adnxs.com,captura_0000159_H123.csv:linea_3,captura_0000123_H123.csv:linea_3,True,False,0.0,0.0,0.0
goo.gl,0.1163194444444444,0.0,t.co,captura_0000060_H123.csv:linea_3,captura_0000176_H123.csv:linea_3,True,False,0.0,0.0,0.0
googleadservices.com,0.2443181818181817,0.0,app-analytics-services.com,captura_0000100_H123.csv:linea_3,captura_0000130_H123.csv:linea_3,True,False,0.0,0.0,0.0
googleapis.com,0.1807162534435261,0.0,app-analytics-services.com,captura_0000010_H123.csv:linea_3,captura_0000130_H123.csv:linea_3,True,False,0.0,0.0,0.0
googlesyndication.com,0.2940508821774457,0.0,googlevideo.com,captura_0000056_H123.csv:linea_3,captura_0000024_H123.csv:linea_11,True,False,0.0,0.0,0.0
googletagmanager.com,0.3178030303030302,0.0,app-analytics-services.com,captura_0000023_H123.csv:linea_3,captura_0000130_H123.csv:linea_3,True,False,0.0,0.0,0.0
googleusercontent.com,0.2736111111111111,0.0,app-analytics-services.com,captura_0000033_H123.csv:linea_3,captura_0000130_H123.csv:linea_3,True,False,0.0,0.0,0.0
googlevideo.com,0.2725442944382068,0.0,googlesyndication.com,captura_0000024_H123.csv:linea_11,captura_0000056_H123.csv:linea_3,True,False,0.0,0.0,0.0
t.co,0.1163194444444444,0.0,goo.gl,captura_0000176_H123.csv:linea_3,captura_0000060_H123.csv:linea_3,True,False,0.0,0.0,0.0
tiktokv.com,0.3384259259259259,0.0,adnxs.com,captura_0000068_H123.csv:linea_3,captura_0000123_H123.csv:linea_3,True,False,0.0,0.0,0.0
unity3d.com,0.1333884297520661,0.0,adnxs.com,captura_0000097_H123.csv:linea_3,captura_0000123_H123.csv:linea_3,True,False,0.0,0.0,0.0
xiaomi.com,0.1966919191919191,0.0,adnxs.com,captura_0000148_H123.csv:linea_8,captura_0000123_H123.csv:linea_3,True,False,0.0,0.0,0.0
google.com,0.3196858389329054,0.005747126436781609,googlesyndication.com,captura_0000001_H123.csv:linea_3,captura_0000056_H123.csv:linea_15,True,False,0.011494252873563218,0.0,0.005747126436781609
twitter.com,0.3644444140898207,0.006351175706014414,x.com,captura_0000013_H123.csv:linea_75,captura_0000079_H123.csv:linea_15,True,False,0.007326007326007327,0.005376344086021501,0.006351175706014414
x.com,0.3323348108463066,0.006351175706014414,twitter.com,captura_0000079_H123.csv:linea_15,captura_0000013_H123.csv:linea_75,True,False,0.007326007326007327,0.005376344086021501,0.006351175706014414
facebook.com,0.2459303721488595,0.015151515151515152,fbcdn.net,captura_0000004_H123.csv:linea_67,captura_0000027_H123.csv:linea_55,True,False,0.030303030303030304,0.0,0.015151515151515152
fbcdn.net,0.1612874779541446,0.015151515151515152,facebook.com,captura_0000027_H123.csv:linea_55,captura_0000004_H123.csv:linea_67,True,False,0.030303030303030304,0.0,0.015151515151515152
gstatic.com,0.1033087791329549,0.016666666666666666,googleadservices.com,captura_0000018_H123.csv:linea_3,captura_0000100_H123.csv:linea_31,True,False,0.03333333333333333,0.0,0.016666666666666666
adobe.com,0.2677469135802469,0.018518518518518517,intuit.com,captura_0000063_H123.csv:linea_3,captura_0000077_H123.csv:linea_47,True,False,0.037037037037037035,0.0,0.018518518518518517
intuit.com,2.6095238095238096,0.018518518518518517,adobe.com,captura_0000077_H123.csv:linea_47,captura_0000063_H123.csv:linea_3,True,False,0.037037037037037035,0.0,0.018518518518518517
trbcdn.net,0.1197773186409549,0.020833333333333332,intuit.com,captura_0000158_H123.csv:linea_3,captura_0000077_H123.csv:linea_47,True,False,0.041666666666666664,0.0,0.020833333333333332
userapi.com,0.271721496197548,0.02721425926598179,vk.com,captura_0000141_H123.csv:linea_19,captura_0000119_H123.csv:linea_27,True,False,0.012269938650306749,0.04215857988165683,0.02721425926598179
vk.com,0.3120848609233456,0.02721425926598179,userapi.com,captura_0000119_H123.csv:linea_27,captura_0000141_H123.csv:linea_19,True,False,0.012269938650306749,0.04215857988165683,0.02721425926598179
doubleclick.net,0.3089693024164192,0.030100422832980964,google-analytics.com,captura_0000032_H123.csv:linea_23,captura_0000069_H123.csv:linea_19,True,False,0.015503875968992248,0.04469696969696968,0.030100422832980964
google-analytics.com,0.2315796572256989,0.030100422832980964,doubleclick.net,captura_0000069_H123.csv:linea_19,captura_0000032_H123.csv:linea_23,True,False,0.015503875968992248,0.04469696969696968,0.030100422832980964
whatsapp.com,0.2968890143506951,0.035714285714285726,whatsapp.net,captura_0000058_H123.csv:linea_11,captura_0000047_H123.csv:linea_7,True,False,0.015873015873015872,0.05555555555555558,0.035714285714285726
whatsapp.net,0.2691127669945048,0.035714285714285726,whatsapp.com,captura_0000047_H123.csv:linea_7,captura_0000058_H123.csv:linea_11,True,False,0.015873015873015872,0.05555555555555558,0.035714285714285726
amazon-adsystem.com,0.1333884297520661,0.037037037037037035,adnxs.com,captura_0000115_H123.csv:linea_3,captura_0000123_H123.csv:linea_3,True,False,0.07407407407407407,0.0,0.037037037037037035
dzen.ru,1.0669444444444445,0.04288048552754436,yandex.net,captura_0000005_H123.csv:linea_35,captura_0000085_H123.csv:linea_27,True,False,0.027777777777777776,0.05798319327731094,0.04288048552754436
yandex.net,0.7287581699346406,0.04288048552754436,dzen.ru,captura_0000085_H123.csv:linea_27,captura_0000005_H123.csv:linea_35,True,False,0.027777777777777776,0.05798319327731094,0.04288048552754436
t.me,0.3434971687463677,0.04334616001282669,workers.dev,captura_0000118_H123.csv:linea_35,captura_0000026_H123.csv:linea_51,True,False,0.006172839506172839,0.08051948051948055,0.04334616001282669
workers.dev,0.3874198514194953,0.04334616001282669,t.me,captura_0000026_H123.csv:linea_51,captura_0000118_H123.csv:linea_35,True,False,0.006172839506172839,0.08051948051948055,0.04334616001282669
youtu.be,0.3448891217167263,0.06056400604794026,youtube.com,captura_0000049_H123.csv:linea_3,captura_0000009_H123.csv:linea_11,True,False,0.01532567049808429,0.10580234159779622,0.06056400604794026
youtube.com,0.3466905836016492,0.06056400604794026,youtu.be,captura_0000009_H123.csv:linea_11,captura_0000049_H123.csv:linea_3,True,False,0.01532567049808429,0.10580234159779622,0.06056400604794026
yandex.ru,1.06,0.0642361111111111,dzen.ru,captura_0000187_H123.csv:linea_23,captura_0000005_H123.csv:linea_47,True,False,0.0,0.1284722222222222,0.0642361111111111
wildberries.ru,0.1487755420193472,0.06703727031245721,t.me,captura_0000179_H123.csv:linea_15,captura_0000118_H123.csv:linea_27,True,False,0.032051282051282055,0.10202325857363237,0.06703727031245721
meraki.com,0.4130838619438662,0.07307921936032799,mozilla.org,captura_0000167_H123.csv:linea_59,captura_0000088_H123.csv:linea_3,True,False,0.04575163398692811,0.10040680473372787,0.07307921936032799
mozilla.org,0.3116703998672639,0.07307921936032799,meraki.com,captura_0000088_H123.csv:linea_3,captura_0000167_H123.csv:linea_59,True,False,0.04575163398692811,0.10040680473372787,0.07307921936032799
cloudflare.net,0.1366639845902518,0.08121117842271686,medium.com,captura_0000075_H123.csv:linea_51,captura_0000168_H123.csv:linea_7,True,False,0.08465608465608465,0.07776627218934906,0.08121117842271686
medium.com,0.1778885886840432,0.08121117842271686,cloudflare.net,captura_0000168_H123.csv:linea_7,captura_0000075_H123.csv:linea_51,True,False,0.08465608465608465,0.07776627218934906,0.08121117842271686
apple.com,0.3845745419314056,0.09166666666666666,mozilla.org,captura_0000008_H123.csv:linea_79,captura_0000088_H123.csv:linea_27,True,False,0.05833333333333333,0.125,0.09166666666666666
reddit.com,0.2090729783037475,0.10508207070707072,app-analytics-services.com,captura_0000099_H123.csv:linea_3,captura_0000130_H123.csv:linea_71,True,False,0.030303030303030304,0.17986111111111114,0.10508207070707072
epicgames.com,0.1147251857634371,0.1064068100358423,medium.com,captura_0000137_H123.csv:linea_3,captura_0000168_H123.csv:linea_15,True,False,0.03225806451612903,0.18055555555555558,0.1064068100358423
aliyuncs.com,0.3148056320783594,0.11249999999999999,adnxs.com,captura_0000164_H123.csv:linea_4,captura_0000123_H123.csv:linea_3,True,False,0.0,0.22499999999999998,0.11249999999999999
opera.com,0.2933049332919034,0.11253561253561253,telekom.net,captura_0000094_H123.csv:linea_49,captura_0000124_H123.csv:linea_43,True,False,0.04487179487179488,0.1801994301994302,0.11253561253561253
telekom.net,0.1490473134246027,0.11253561253561253,opera.com,captura_0000124_H123.csv:linea_43,captura_0000094_H123.csv:linea_49,True,False,0.04487179487179488,0.1801994301994302,0.11253561253561253
live.com,0.3209017994187383,0.11847033406032892,outlook.com,captura_0000022_H123.csv:linea_41,captura_0000114_H123.csv:linea_70,True,False,0.031531531531531536,0.2054091365891263,0.11847033406032892
outlook.com,0.6153813225575068,0.11847033406032892,live.com,captura_0000114_H123.csv:linea_70,captura_0000022_H123.csv:linea_41,True,False,0.031531531531531536,0.2054091365891263,0.11847033406032892
okcdn.ru,0.249537037037037,0.12878787878787878,reddit.com,captura_0000136_H123.csv:linea_3,captura_0000099_H123.csv:linea_3,True,False,0.06666666666666667,0.19090909090909092,0.12878787878787878
lencr.org,0.2884399551066218,0.13289872730538138,gandi.net,captura_0000160_H123.csv:linea_51,captura_0000091_H123.csv:linea_3,True,False,0.022988505747126436,0.24280894886363635,0.13289872730538138
archive.org,0.3245546898249601,0.13291030907668233,meraki.com,captura_0000154_H123.csv:linea_31,captura_0000167_H123.csv:linea_3,True,False,0.014084507042253521,0.25173611111111116,0.13291030907668233
blogspot.com,0.4112967715661318,0.1411297661297661,icloud.com,captura_0000096_H123.csv:linea_3,captura_0000046_H123.csv:linea_79,True,False,0.06481481481481481,0.21744471744471738,0.1411297661297661
icloud.com,0.2901992901992902,0.1411297661297661,blogspot.com,captura_0000046_H123.csv:linea_79,captura_0000096_H123.csv:linea_3,True,False,0.06481481481481481,0.21744471744471738,0.1411297661297661
baidu.com,0.2933382082660928,0.14250501873389743,github.io,captura_0000107_H123.csv:linea_106,captura_0000132_H123.csv:linea_7,True,False,0.02150537634408602,0.26350466112370885,0.14250501873389743
github.io,0.2817631826741996,0.14250501873389743,baidu.com,captura_0000132_H123.csv:linea_7,captura_0000107_H123.csv:linea_106,True,False,0.02150537634408602,0.26350466112370885,0.14250501873389743
office365.com,0.2962543460875556,0.1448915565667295,sharepoint.com,captura_0000093_H123.csv:linea_79,captura_0000051_H123.csv:linea_83,True,False,0.0574712643678161,0.23231184876564293,0.1448915565667295
sharepoint.com,0.2889214070990866,0.1448915565667295,office365.com,captura_0000051_H123.csv:linea_83,captura_0000093_H123.csv:linea_79,True,False,0.0574712643678161,0.23231184876564293,0.1448915565667295
myfritz.net,0.3875622424892121,0.1544375589263092,baidu.com,captura_0000150_H123.csv:linea_42,captura_0000107_H123.csv:linea_35,True,False,0.025252525252525252,0.28362259260009315,0.1544375589263092
wikipedia.org,0.2330611307884035,0.16334202413747873,yahoo.com,captura_0000029_H123.csv:linea_3,captura_0000055_H123.csv:linea_7,True,False,0.031746031746031744,0.2949380165289257,0.16334202413747873
yahoo.com,0.1904489910442291,0.16334202413747873,wikipedia.org,captura_0000055_H123.csv:linea_7,captura_0000029_H123.csv:linea_3,True,False,0.031746031746031744,0.2949380165289257,0.16334202413747873
ui.com,0.2299265920675304,0.16617086193745237,zoom.us,captura_0000153_H123.csv:linea_11,captura_0000082_H123.csv:linea_43,True,False,0.05263157894736842,0.2797101449275363,0.16617086193745237
zoom.us,0.5746143657247029,0.16617086193745237,ui.com,captura_0000082_H123.csv:linea_43,captura_0000153_H123.csv:linea_11,True,False,0.05263157894736842,0.2797101449275363,0.16617086193745237
cnn.com,0.2198800131492439,0.1666255752794214,okcdn.ru,captura_0000172_H123.csv:linea_63,captura_0000136_H123.csv:linea_19,True,False,0.027777777777777776,0.305473372781065,0.1666255752794214
github.com,0.2898010719439291,0.17077781525833471,archive.org,captura_0000036_H123.csv:linea_67,captura_0000154_H123.csv:linea_43,True,False,0.08333333333333333,0.2582222971833361,0.17077781525833471
apache.org,0.321509455601229,0.1721226404800873,telekom.net,captura_0000117_H123.csv:linea_39,captura_0000124_H123.csv:linea_43,True,False,0.05673758865248227,0.28750769230769235,0.1721226404800873
digicert.com,0.3607063342034987,0.17231753812636166,googledomains.com,captura_0000053_H123.csv:linea_15,captura_0000101_H123.csv:linea_3,True,False,0.0784313725490196,0.2662037037037037,0.17231753812636166
googledomains.com,0.2009803921568627,0.17231753812636166,digicert.com,captura_0000101_H123.csv:linea_3,captura_0000053_H123.csv:linea_15,True,False,0.0784313725490196,0.2662037037037037,0.17231753812636166
sciencedirect.com,0.2642351492767005,0.17421052631578943,wikipedia.org,captura_0000193_H123.csv:linea_51,captura_0000029_H123.csv:linea_3,True,False,0.03508771929824561,0.31333333333333324,0.17421052631578943
gmail.com,0.2207936507936508,0.18321581196581194,googledomains.com,captura_0000199_H123.csv:linea_39,captura_0000101_H123.csv:linea_15,True,False,0.17948717948717952,0.18694444444444436,0.18321581196581194
nginx.org,0.3543108419838524,0.1856060606060606,app-analytics-services.com,captura_0000113_H123.csv:linea_35,captura_0000130_H123.csv:linea_71,True,False,0.12121212121212122,0.25,0.1856060606060606
microsoft.com,0.3228493761481809,0.18770577646866302,sharepoint.com,captura_0000002_H123.csv:linea_41,captura_0000051_H123.csv:linea_113,True,False,0.04810996563573883,0.3273015873015872,0.18770577646866302
nih.gov,0.3530243950416426,0.19168485408097602,windows.net,captura_0000133_H123.csv:linea_43,captura_0000065_H123.csv:linea_11,True,False,0.1212121212121212,0.2621575869498308,0.19168485408097602
windows.net,0.2170968012755303,0.19168485408097602,nih.gov,captura_0000065_H123.csv:linea_11,captura_0000133_H123.csv:linea_43,True,False,0.1212121212121212,0.2621575869498308,0.19168485408097602
applovin.com,0.2460237293570627,0.19609328579916813,sentry.io,captura_0000151_H123.csv:linea_7,captura_0000121_H123.csv:linea_55,True,False,0.10101010101010101,0.29117647058823526,0.19609328579916813
sentry.io,0.2624497570864353,0.19609328579916813,applovin.com,captura_0000121_H123.csv:linea_55,captura_0000151_H123.csv:linea_7,True,False,0.10101010101010101,0.29117647058823526,0.19609328579916813
adobe.io,0.3190301228934324,0.20154113077522673,opera.com,captura_0000190_H123.csv:linea_51,captura_0000094_H123.csv:linea_34,True,False,0.05555555555555555,0.3475267059948979,0.20154113077522673
miui.com,0.3479215325905221,0.20321106486298993,lencr.org,captura_0000195_H123.csv:linea_77,captura_0000160_H123.csv:linea_7,True,False,0.14666666666666667,0.2597554630593132,0.20321106486298993
skype.com,0.3043553941753387,0.21067165327669524,miui.com,captura_0000057_H123.csv:linea_64,captura_0000195_H123.csv:linea_77,True,False,0.06862745098039215,0.35271585557299834,0.21067165327669524
casalemedia.com,0.30676247771836,0.21200886023372165,nih.gov,captura_0000185_H123.csv:linea_59,captura_0000133_H123.csv:linea_23,True,False,0.06451612903225806,0.35950159143518523,0.21200886023372165
tumblr.com,0.3266944635451129,0.21240601503759401,wordpress.org,captura_0000143_H123.csv:linea_7,captura_0000044_H123.csv:linea_63,True,False,0.047619047619047616,0.3771929824561404,0.21240601503759401
wordpress.org,0.3075835150807723,0.21240601503759401,tumblr.com,captura_0000044_H123.csv:linea_63,captura_0000143_H123.csv:linea_7,True,False,0.047619047619047616,0.3771929824561404,0.21240601503759401
nginx.com,0.2529540990715233,0.22108811779768556,intuit.com,captura_0000125_H123.csv:linea_79,captura_0000077_H123.csv:linea_27,True,False,0.05017921146953405,0.39199702412583703,0.22108811779768556
amazonvideo.com,0.3862161915204677,0.22138986813148726,snapchat.com,captura_0000196_H123.csv:linea_11,captura_0000110_H123.csv:linea_59,True,False,0.06504065040650407,0.3777390858564704,0.22138986813148726
snapchat.com,0.4354496128772162,0.22138986813148726,amazonvideo.com,captura_0000110_H123.csv:linea_59,captura_0000196_H123.csv:linea_11,True,False,0.06504065040650407,0.3777390858564704,0.22138986813148726
instagram.com,0.4371534986543637,0.22269069664903,facebook.com,captura_0000014_H123.csv:linea_71,captura_0000004_H123.csv:linea_43,True,False,0.047619047619047616,0.39776234567901236,0.22269069664903
nist.gov,0.249941608701582,0.2244464518670206,yandex.net,captura_0000126_H123.csv:linea_3,captura_0000085_H123.csv:linea_7,True,False,0.08239700374531835,0.3664958999887229,0.2244464518670206
linkedin.com,0.3336213119899561,0.22602369327678715,samsung.com,captura_0000020_H123.csv:linea_9,captura_0000102_H123.csv:linea_75,True,False,0.057971014492753624,0.3940763720608207,0.22602369327678715
nic.ru,0.2446064814814814,0.23326982422041495,nginx.com,captura_0000086_H123.csv:linea_31,captura_0000125_H123.csv:linea_55,True,False,0.08421052631578947,0.38232912212504044,0.23326982422041495
adriver.ru,0.2561276546629732,0.23458450381527304,ntp.org,captura_0000166_H123.csv:linea_87,captura_0000073_H123.csv:linea_75,True,False,0.0909090909090909,0.3782599167214552,0.23458450381527304
dns.google,0.2722016079158936,0.2356753812636165,digicert.com,captura_0000146_H123.csv:linea_3,captura_0000053_H123.csv:linea_15,True,False,0.1176470588235294,0.35370370370370363,0.2356753812636165
w3.org,0.4349904214559387,0.23639112903225806,whatsapp.com,captura_0000181_H123.csv:linea_55,captura_0000058_H123.csv:linea_75,True,False,0.12903225806451613,0.34375,0.23639112903225806
paypal.com,0.445397337054614,0.25198363648040895,snapchat.com,captura_0000152_H123.csv:linea_27,captura_0000110_H123.csv:linea_15,True,False,0.07407407407407407,0.4298931988867438,0.25198363648040895
amazon.com,0.7987722679189883,0.2520538328346067,pinterest.com,captura_0000025_H123.csv:linea_75,captura_0000045_H123.csv:linea_35,True,False,0.09597523219814241,0.408132433471071,0.2520538328346067
pinterest.com,0.4560129449329983,0.2520538328346067,amazon.com,captura_0000045_H123.csv:linea_35,captura_0000025_H123.csv:linea_75,True,False,0.09597523219814241,0.408132433471071,0.2520538328346067
europa.eu,0.2839713287290192,0.2574175059548467,nih.gov,captura_0000109_H123.csv:linea_63,captura_0000133_H123.csv:linea_59,True,False,0.1267605633802817,0.38807444852941175,0.2574175059548467
kaspersky.com,0.3323955938697318,0.2577204335016835,nic.ru,captura_0000192_H123.csv:linea_43,captura_0000086_H123.csv:linea_11,True,False,0.06397306397306397,0.451467803030303,0.2577204335016835
android.com,0.3349946513748597,0.26483866442199777,google-analytics.com,captura_0000197_H123.csv:linea_3,captura_0000069_H123.csv:linea_35,True,False,0.07575757575757576,0.45391975308641974,0.26483866442199777
t-online.de,0.378571506264996,0.2665036783002151,paypal.com,captura_0000140_H123.csv:linea_43,captura_0000152_H123.csv:linea_79,True,False,0.08843537414965986,0.44457198245077034,0.2665036783002151
roblox.com,0.4309291213917103,0.26905498408333944,myfritz.net,captura_0000072_H123.csv:linea_71,captura_0000150_H123.csv:linea_31,True,False,0.13636363636363638,0.40174633180304253,0.26905498408333944
forbes.com,0.3503743194340193,0.27566073803191493,doubleclick.net,captura_0000170_H123.csv:linea_75,captura_0000032_H123.csv:linea_39,True,False,0.07801418439716312,0.47330729166666674,0.27566073803191493
linkos.bg,0.295641121031746,0.2793578296703297,applovin.com,captura_0000194_H123.csv:linea_59,captura_0000151_H123.csv:linea_67,True,False,0.23076923076923075,0.32794642857142864,0.2793578296703297
discord.gg,0.3070389896561771,0.28481737260006407,linkedin.com,captura_0000178_H123.csv:linea_7,captura_0000020_H123.csv:linea_4,True,False,0.12408759124087591,0.44554715395925226,0.28481737260006407
telekom.de,0.7033183619265246,0.2870224612648855,github.com,captura_0000095_H123.csv:linea_11,captura_0000036_H123.csv:linea_23,True,False,0.047619047619047616,0.5264258749107233,0.2870224612648855
azure.com,0.3177131501299158,0.2974552863693915,microsoft.com,captura_0000019_H123.csv:linea_51,captura_0000002_H123.csv:linea_11,True,False,0.05777777777777778,0.5371327949610052,0.2974552863693915
mail.ru,0.3065098198312338,0.3012142079492072,outlook.com,captura_0000003_H123.csv:linea_15,captura_0000114_H123.csv:linea_5,True,False,0.07758620689655173,0.5248422090018627,0.3012142079492072
ivi.ru,0.3671096405732956,0.32559537426363583,yandex.ru,captura_0000155_H123.csv:linea_59,captura_0000187_H123.csv:linea_7,True,False,0.11604938271604938,0.5351413658112223,0.32559537426363583
vimeo.com,0.3937948383355584,0.32719852242965564,ivi.ru,captura_0000064_H123.csv:linea_3,captura_0000155_H123.csv:linea_3,True,False,0.11515151515151516,0.5392455297077962,0.32719852242965564
bing.com,0.4388578174328135,0.3437986752847006,qq.com,captura_0000040_H123.csv:linea_55,captura_0000089_H123.csv:linea_587,True,False,0.11073825503355705,0.5768590955358441,0.3437986752847006
qq.com,0.4330962411956691,0.3437986752847006,bing.com,captura_0000089_H123.csv:linea_587,captura_0000040_H123.csv:linea_55,True,False,0.11073825503355705,0.5768590955358441,0.3437986752847006
tiktok.com,0.3608523394291175,0.35162123044512,mts.ru,captura_0000080_H123.csv:linea_63,captura_0000106_H123.csv:linea_52,True,False,0.13595413595413594,0.567288324936104,0.35162123044512
dropbox.com,0.3681081320181916,0.3548869009561221,pinterest.com,captura_0000127_H123.csv:linea_15,captura_0000045_H123.csv:linea_11,True,False,0.14167954662545082,0.5680942552867934,0.3548869009561221
msn.com,0.7607784611673902,0.38940918314309825,nytimes.com,captura_0000067_H123.csv:linea_55,captura_0000149_H123.csv:linea_3,True,False,0.08203677510608204,0.6967815911801144,0.38940918314309825
health.mil,0.0,0.037037037037037035,adobe.com,captura_0000120_H123.csv:linea_3,captura_0000063_H123.csv:linea_55,False,False,0.07407407407407407,0.0,0.037037037037037035
gandi.net,0.1155095231309964,0.13289872730538138,lencr.org,captura_0000091_H123.csv:linea_3,captura_0000160_H123.csv:linea_51,False,False,0.022988505747126436,0.24280894886363635,0.13289872730538138
samsung.com,0.1672810771639264,0.22388135743398901,youtube.com,captura_0000102_H123.csv:linea_51,captura_0000009_H123.csv:linea_79,False,False,0.10984848484848485,0.33791423001949317,0.22388135743398901
ntp.org,0.1854601893590551,0.23458450381527304,adriver.ru,captura_0000073_H123.csv:linea_75,captura_0000166_H123.csv:linea_87,False,False,0.0909090909090909,0.3782599167214552,0.23458450381527304
gravatar.com,0.1433902058865154,0.23920588370368912,ntp.org,captura_0000129_H123.csv:linea_39,captura_0000073_H123.csv:linea_7,False,False,0.14492753623188406,0.3334842311754942,0.23920588370368912
pki.goog,0.1379504108806057,0.23978420569329653,yandex.net,captura_0000142_H123.csv:linea_43,captura_0000085_H123.csv:linea_59,False,False,0.08333333333333333,0.39623507805325975,0.23978420569329653
windows.com,0.2260742873069826,0.2438684782608696,microsoft.com,captura_0000131_H123.csv:linea_9,captura_0000002_H123.csv:linea_59,False,False,0.07608695652173912,0.41165000000000007,0.2438684782608696
cloudflare-dns.com,0.1650080128205128,0.2491402116402117,applovin.com,captura_0000098_H123.csv:linea_15,captura_0000151_H123.csv:linea_3,False,False,0.10476190476190476,0.3935185185185186,0.2491402116402117
rubiconproject.com,0.2740037329256971,0.2929504992790458,amazonvideo.com,captura_0000177_H123.csv:linea_39,captura_0000196_H123.csv:linea_35,False,False,0.13253012048192772,0.45337087807616394,0.2929504992790458
criteo.com,0.2858149782485255,0.2968548764781641,userapi.com,captura_0000134_H123.csv:linea_47,captura_0000141_H123.csv:linea_43,False,False,0.11187214611872147,0.4818376068376068,0.2968548764781641
cloudflare.com,0.2454201405447943,0.30337809649600544,discord.gg,captura_0000011_H123.csv:linea_47,captura_0000178_H123.csv:linea_59,False,False,0.12607944732297063,0.4806767456690403,0.30337809649600544
wordpress.com,0.278883864868465,0.3070962491678435,snapchat.com,captura_0000081_H123.csv:linea_31,captura_0000110_H123.csv:linea_63,False,False,0.12015503875968991,0.4940374595759971,0.3070962491678435
theguardian.com,0.2714867082490212,0.3131745259834926,x.com,captura_0000183_H123.csv:linea_63,captura_0000079_H123.csv:linea_55,False,False,0.33641975308641975,0.2899292988805655,0.3131745259834926
office.com,0.2814185480721531,0.31396353595807147,casalemedia.com,captura_0000017_H123.csv:linea_54,captura_0000185_H123.csv:linea_67,False,False,0.14207650273224043,0.48585056918390257,0.31396353595807147
one.one,0.209657265361583,0.33544960474308305,intuit.com,captura_0000156_H123.csv:linea_7,captura_0000077_H123.csv:linea_11,False,False,0.1931818181818182,0.47771739130434787,0.33544960474308305
fastly.net,0.2230663074328493,0.3363596374300187,yandex.ru,captura_0000043_H123.csv:linea_11,captura_0000187_H123.csv:linea_7,False,False,0.15698924731182795,0.5157300275482094,0.3363596374300187
soundcloud.com,0.2754450607825947,0.3456566329077089,fastly.net,captura_0000175_H123.csv:linea_64,captura_0000043_H123.csv:linea_71,False,False,0.1471264367816092,0.5441868290338087,0.3456566329077089
bit.ly,0.2122011537905092,0.3495967894554284,intuit.com,captura_0000071_H123.csv:linea_7,captura_0000077_H123.csv:linea_19,False,False,0.2446236559139785,0.45456992299687826,0.3495967894554284
mts.ru,0.2729802805725865,0.35162123044512,tiktok.com,captura_0000106_H123.csv:linea_52,captura_0000080_H123.csv:linea_63,False,False,0.13595413595413594,0.567288324936104,0.35162123044512
netflix.com,0.2524444334520512,0.3565711104099395,ntp.org,captura_0000050_H123.csv:linea_67,captura_0000073_H123.csv:linea_39,False,False,0.0625,0.650642220819879,0.3565711104099395
flickr.com,0.3097336051859158,0.36431039120555603,spotify.com,captura_0000111_H123.csv:linea_63,captura_0000066_H123.csv:linea_39,False,False,0.18083670715249664,0.5477840752586154,0.36431039120555603
spotify.com,0.2736245914219346,0.36431039120555603,flickr.com,captura_0000066_H123.csv:linea_39,captura_0000111_H123.csv:linea_63,False,False,0.18083670715249664,0.5477840752586154,0.36431039120555603
nytimes.com,0.2171701692723825,0.38940918314309825,msn.com,captura_0000149_H123.csv:linea_3,captura_0000067_H123.csv:linea_55,False,False,0.08203677510608204,0.6967815911801144,0.38940918314309825
