url,max_intra,min_inter,url_mas_cercana,access_id_url,access_id_url_mas_cercana,riesgo_solape,solape_exacto
adobe.com,1.4142135623730951,0.0,adnxs.com,1,1,Sí,Sí
aliyuncs.com,2.23606797749979,0.0,adnxs.com,1,1,Sí,Sí
amazon-adsystem.com,1.0,0.0,health.mil,8,1,Sí,Sí
android.com,6.324555320336759,0.0,google-analytics.com,6,10,Sí,Sí
app-analytics-services.com,1.0,0.0,app-measurement.com,1,1,Sí,Sí
app-measurement.com,1.0,0.0,app-analytics-services.com,1,1,Sí,Sí
appsflyersdk.com,2.0,0.0,adnxs.com,1,1,Sí,Sí
baidu.com,5.385164807134504,0.0,myfritz.net,1,5,Sí,Sí
blogspot.com,13.038404810405298,0.0,pki.goog,11,1,Sí,Sí
cnn.com,1.0,0.0,okcdn.ru,1,5,Sí,Sí
dzen.ru,144.1735065814798,0.0,yandex.net,13,3,Sí,Sí
facebook.com,2.8284271247461903,0.0,fbcdn.net,1,3,Sí,Sí
fbcdn.net,3.605551275463989,0.0,facebook.com,3,1,Sí,Sí
forbes.com,28.231188426986208,0.0,tumblr.com,9,3,Sí,Sí
forms.gle,1.4142135623730951,0.0,adnxs.com,1,1,Sí,Sí
github.com,10.0,0.0,kaspersky.com,1,7,Sí,Sí
github.io,7.0,0.0,meraki.com,1,16,Sí,Sí
goo.gl,1.7320508075688772,0.0,appsflyersdk.com,1,3,Sí,Sí
google-analytics.com,10.0,0.0,android.com,10,6,Sí,Sí
google.com,6.324555320336759,0.0,googlesyndication.com,2,1,Sí,Sí
googleadservices.com,1.4142135623730951,0.0,app-analytics-services.com,1,1,Sí,Sí
googleapis.com,2.0,0.0,app-analytics-services.com,1,1,Sí,Sí
googlesyndication.com,6.324555320336759,0.0,google.com,1,2,Sí,Sí
googletagmanager.com,1.4142135623730951,0.0,app-analytics-services.com,1,1,Sí,Sí
googleusercontent.com,1.4142135623730951,0.0,app-analytics-services.com,1,1,Sí,Sí
googlevideo.com,5.0990195135927845,0.0,google.com,3,2,Sí,Sí
gstatic.com,1.0,0.0,app-analytics-services.com,1,18,Sí,Sí
kaspersky.com,24.20743687382041,0.0,github.com,7,1,Sí,Sí
lencr.org,5.0,0.0,yahoo.com,20,3,Sí,Sí
meraki.com,26.0,0.0,github.io,6,5,Sí,Sí
microsoft.com,18.05547008526779,0.0,nist.gov,20,4,Sí,Sí
miui.com,6.082762530298219,0.0,mozilla.org,6,7,Sí,Sí
mozilla.org,11.0,0.0,miui.com,7,6,Sí,Sí
myfritz.net,10.198039027185569,0.0,baidu.com,1,3,Sí,Sí
nist.gov,6.082762530298219,0.0,microsoft.com,4,20,Sí,Sí
okcdn.ru,2.0,0.0,adnxs.com,3,1,Sí,Sí
pki.goog,3.7416573867739413,0.0,blogspot.com,1,11,Sí,Sí
roblox.com,23.600847442411894,0.0,github.com,1,5,Sí,Sí
samsung.com,5.916079783099616,0.0,snapchat.com,4,13,Sí,Sí
sciencedirect.com,3.1622776601683795,0.0,wikipedia.org,13,2,Sí,Sí
skype.com,7.0,0.0,meraki.com,4,14,Sí,Sí
snapchat.com,28.635642126552707,0.0,samsung.com,3,12,Sí,Sí
t.co,1.0,0.0,appsflyersdk.com,1,3,Sí,Sí
t.me,6.0,0.0,github.io,3,10,Sí,Sí
theguardian.com,7.14142842854285,0.0,zoom.us,17,2,Sí,Sí
tiktokv.com,3.0,0.0,adnxs.com,1,1,Sí,Sí
trbcdn.net,1.0,0.0,amazon-adsystem.com,1,1,Sí,Sí
tumblr.com,18.027756377319946,0.0,forbes.com,3,9,Sí,Sí
twitter.com,13.038404810405298,0.0,github.com,2,17,Sí,Sí
unity3d.com,1.0,0.0,adnxs.com,1,1,Sí,Sí
userapi.com,14.035668847618199,0.0,vk.com,5,7,Sí,Sí
vk.com,19.026297590440446,0.0,userapi.com,7,5,Sí,Sí
whatsapp.com,5.0,0.0,whatsapp.net,1,5,Sí,Sí
whatsapp.net,3.1622776601683795,0.0,whatsapp.com,1,2,Sí,Sí
wikipedia.org,2.0,0.0,sciencedirect.com,2,13,Sí,Sí
wildberries.ru,2.23606797749979,0.0,meraki.com,3,2,Sí,Sí
windows.net,6.0,0.0,baidu.com,2,6,Sí,Sí
wordpress.org,9.486832980505138,0.0,forbes.com,8,3,Sí,Sí
workers.dev,13.0,0.0,baidu.com,4,1,Sí,Sí
x.com,11.0,0.0,github.com,5,17,Sí,Sí
xiaomi.com,2.0,0.0,adnxs.com,2,1,Sí,Sí
yahoo.com,3.0,0.0,lencr.org,3,20,Sí,Sí
yandex.net,52.03844732503075,0.0,dzen.ru,3,13,Sí,Sí
yandex.ru,135.8050072714552,0.0,dzen.ru,3,3,Sí,Sí
youtu.be,11.180339887498949,0.0,youtube.com,1,1,Sí,Sí
youtube.com,9.1104335791443,0.0,youtu.be,1,1,Sí,Sí
zoom.us,77.83315488916018,0.0,theguardian.com,2,17,Sí,Sí
adobe.io,29.0,1.0,intuit.com,9,3,Sí,No
apache.org,8.0,1.0,apple.com,4,5,Sí,No
apple.com,8.0,1.0,apache.org,1,7,Sí,No
applovin.com,4.58257569495584,1.0,pki.goog,2,11,Sí,No
archive.org,12.0,1.0,baidu.com,7,2,Sí,No
casalemedia.com,13.038404810405298,1.0,nih.gov,15,10,Sí,No
digicert.com,4.123105625617661,1.0,sciencedirect.com,2,4,Sí,No
doubleclick.net,11.313708498984761,1.0,android.com,3,18,Sí,No
gandi.net,1.4142135623730951,1.0,icloud.com,7,8,Sí,No
gmail.com,3.0,1.0,cnn.com,1,16,Sí,No
googledomains.com,1.4142135623730951,1.0,gmail.com,1,3,Sí,No
icloud.com,4.0,1.0,gandi.net,8,7,Sí,No
intuit.com,92.02173656261873,1.0,adobe.com,12,7,Sí,No
linkedin.com,22.360679774997898,1.0,youtube.com,2,20,Sí,No
live.com,21.0,1.0,vk.com,2,5,Sí,No
nih.gov,8.12403840463596,1.0,casalemedia.com,3,16,Sí,No
office365.com,15.033296378372908,1.0,sharepoint.com,2,1,Sí,No
opera.com,7.0710678118654755,1.0,meraki.com,10,2,Sí,No
paypal.com,78.03204469959762,1.0,t-online.de,1,9,Sí,No
sharepoint.com,18.110770276274835,1.0,office365.com,1,2,Sí,No
t-online.de,27.85677655436824,1.0,paypal.com,1,15,Sí,No
cloudflare-dns.com,3.1622776601683795,1.4142135623730951,applovin.com,3,17,Sí,No
dns.google,3.3166247903554,1.4142135623730951,googledomains.com,8,4,Sí,No
epicgames.com,3.0,1.4142135623730951,medium.com,1,1,Sí,No
medium.com,2.449489742783178,1.4142135623730951,epicgames.com,1,1,Sí,No
outlook.com,96.08850087289322,1.4142135623730951,live.com,19,3,Sí,No
nginx.com,17.0,1.7320508075688772,outlook.com,5,6,Sí,No
nic.ru,18.708286933869708,1.7320508075688772,microsoft.com,10,9,Sí,No
ui.com,7.615773105863909,1.7320508075688772,linkedin.com,17,13,Sí,No
windows.com,13.038404810405298,1.7320508075688772,kaspersky.com,14,11,Sí,No
instagram.com,28.071337695236398,2.0,google.com,17,20,Sí,No
office.com,23.62202362203543,2.0,casalemedia.com,8,12,Sí,No
telekom.net,5.0,2.0,apache.org,1,7,Sí,No
bit.ly,7.280109889280518,2.23606797749979,t-online.de,18,3,Sí,No
cloudflare.net,2.8284271247461903,2.23606797749979,google.com,18,4,Sí,No
telekom.de,108.05091392487155,2.8284271247461903,youtube.com,14,7,Sí,No
w3.org,7.810249675906654,2.8284271247461903,fbcdn.net,14,1,Sí,No
adriver.ru,4.123105625617661,3.0,ntp.org,8,12,Sí,No
criteo.com,17.233687939614086,4.358898943540674,live.com,1,2,Sí,No
wordpress.com,6.4031242374328485,4.58257569495584,tumblr.com,17,1,Sí,No
europa.eu,8.12403840463596,6.082762530298219,wordpress.com,3,1,Sí,No
rubiconproject.com,7.211102550927978,6.708203932499369,snapchat.com,18,2,Sí,No
amazonvideo.com,27.331300737432898,7.0710678118654755,europa.eu,13,12,Sí,No
soundcloud.com,13.92838827718412,13.74772708486752,nic.ru,20,5,Sí,No
qq.com,77.83315488916018,19.467922333931785,outlook.com,19,3,Sí,No
mts.ru,71.03520254071216,20.83266665599966,tiktok.com,1,16,Sí,No
tiktok.com,42.0,20.83266665599966,mts.ru,16,1,Sí,No
ivi.ru,40.124805295477756,22.40535650240808,yandex.ru,14,4,Sí,No
amazon.com,246.3980519403512,26.888659319497503,pinterest.com,19,20,Sí,No
pinterest.com,131.4610208388783,26.888659319497503,amazon.com,20,19,Sí,No
bing.com,75.71657678474378,45.18849411078001,qq.com,7,2,Sí,No
msn.com,1339.8111807265977,141.9929575718458,nytimes.com,13,17,Sí,No
adnxs.com,0.0,0.0,adobe.com,1,1,No,Sí
health.mil,0.0,0.0,amazon-adsystem.com,1,8,No,Sí
reddit.com,1.0,1.0,app-analytics-services.com,1,18,No,No
gravatar.com,2.8284271247461903,2.8284271247461903,wordpress.org,20,12,No,No
ntp.org,2.23606797749979,3.0,adriver.ru,12,8,No,No
sentry.io,3.605551275463989,3.605551275463989,cloudflare-dns.com,1,11,No,No
nginx.org,1.0,5.0,amazon-adsystem.com,1,8,No,No
one.one,7.0,7.14142842854285,t-online.de,20,14,No,No
linkos.bg,3.1622776601683795,14.45683229480096,ntp.org,13,14,No,No
netflix.com,10.198039027185569,16.0312195418814,linkos.bg,3,13,No,No
azure.com,7.0,17.378147196982766,dzen.ru,13,7,No,No
fastly.net,13.341664064126334,24.71841418861655,soundcloud.com,18,9,No,No
cloudflare.com,15.811388300841896,29.03446228191595,discord.gg,6,4,No,No
discord.gg,27.477263328068172,29.03446228191595,cloudflare.com,4,6,No,No
spotify.com,27.65863337187866,33.25657829663178,pinterest.com,10,4,No,No
vimeo.com,33.24154027718932,34.48187929913333,ivi.ru,13,17,No,No
flickr.com,8.06225774829855,37.107950630558946,cloudflare.com,20,9,No,No
mail.ru,21.0,44.41846462902562,vimeo.com,16,20,No,No
nytimes.com,43.3358973600409,73.8850458482635,mts.ru,5,10,No,No
dropbox.com,129.71507237017602,132.09844813622905,pinterest.com,9,3,No,No
