url,accesos_originales,outliers_eliminados,accesos_restantes,porcentaje_eliminado
epicgames.com,20,13,7,65.0
google-analytics.com,20,13,7,65.0
instagram.com,20,11,9,55.0
netflix.com,20,11,9,55.0
adriver.ru,20,10,10,50.0
snapchat.com,20,10,10,50.0
cloudflare.net,20,9,11,45.0
doubleclick.net,20,9,11,45.0
googlesyndication.com,20,9,11,45.0
googlevideo.com,20,9,11,45.0
gravatar.com,20,9,11,45.0
myfritz.net,20,9,11,45.0
google.com,20,8,12,40.0
linkedin.com,20,8,12,40.0
mts.ru,20,8,12,40.0
whatsapp.com,20,8,12,40.0
digicert.com,20,7,13,35.0
soundcloud.com,20,7,13,35.0
discord.gg,20,6,14,30.0
facebook.com,20,6,14,30.0
fastly.net,20,6,14,30.0
fbcdn.net,20,6,14,30.0
intuit.com,20,6,14,30.0
live.com,20,6,14,30.0
medium.com,20,6,14,30.0
msn.com,20,6,14,30.0
nytimes.com,20,6,14,30.0
sciencedirect.com,20,6,14,30.0
amazon.com,20,5,15,25.0
bit.ly,20,5,15,25.0
dzen.ru,20,5,15,25.0
gmail.com,20,5,15,25.0
kaspersky.com,20,5,15,25.0
miui.com,20,5,15,25.0
nih.gov,20,5,15,25.0
paypal.com,20,5,15,25.0
pinterest.com,20,5,15,25.0
spotify.com,20,5,15,25.0
telekom.de,20,5,15,25.0
aliyuncs.com,20,4,16,20.0
applovin.com,20,4,16,20.0
casalemedia.com,20,4,16,20.0
dns.google,20,4,16,20.0
dropbox.com,20,4,16,20.0
europa.eu,20,4,16,20.0
forbes.com,20,4,16,20.0
microsoft.com,20,4,16,20.0
nginx.com,20,4,16,20.0
ntp.org,20,4,16,20.0
one.one,20,4,16,20.0
opera.com,20,4,16,20.0
sharepoint.com,20,4,16,20.0
t.me,20,4,16,20.0
theguardian.com,20,4,16,20.0
twitter.com,20,4,16,20.0
vimeo.com,20,4,16,20.0
windows.net,20,4,16,20.0
yandex.net,20,4,16,20.0
yandex.ru,20,4,16,20.0
adobe.io,20,3,17,15.0
apple.com,20,3,17,15.0
azure.com,20,3,17,15.0
bing.com,20,3,17,15.0
gandi.net,20,3,17,15.0
googledomains.com,20,3,17,15.0
googletagmanager.com,20,3,17,15.0
nist.gov,20,3,17,15.0
pki.goog,20,3,17,15.0
qq.com,20,3,17,15.0
rubiconproject.com,20,3,17,15.0
t-online.de,20,3,17,15.0
tiktokv.com,20,3,17,15.0
vk.com,20,3,17,15.0
w3.org,20,3,17,15.0
youtu.be,20,3,17,15.0
adobe.com,20,2,18,10.0
amazon-adsystem.com,20,2,18,10.0
amazonvideo.com,20,2,18,10.0
android.com,20,2,18,10.0
appsflyersdk.com,20,2,18,10.0
cloudflare-dns.com,20,2,18,10.0
cloudflare.com,20,2,18,10.0
cnn.com,20,2,18,10.0
flickr.com,20,2,18,10.0
forms.gle,20,2,18,10.0
github.com,20,2,18,10.0
goo.gl,20,2,18,10.0
googleadservices.com,20,2,18,10.0
googleusercontent.com,20,2,18,10.0
lencr.org,20,2,18,10.0
meraki.com,20,2,18,10.0
mozilla.org,20,2,18,10.0
office.com,20,2,18,10.0
office365.com,20,2,18,10.0
okcdn.ru,20,2,18,10.0
roblox.com,20,2,18,10.0
userapi.com,20,2,18,10.0
wikipedia.org,20,2,18,10.0
wildberries.ru,20,2,18,10.0
wordpress.com,20,2,18,10.0
wordpress.org,20,2,18,10.0
x.com,20,2,18,10.0
xiaomi.com,20,2,18,10.0
yahoo.com,20,2,18,10.0
zoom.us,20,2,18,10.0
apache.org,20,1,19,5.0
app-analytics-services.com,20,1,19,5.0
app-measurement.com,20,1,19,5.0
archive.org,20,1,19,5.0
blogspot.com,20,1,19,5.0
criteo.com,20,1,19,5.0
github.io,20,1,19,5.0
googleapis.com,20,1,19,5.0
gstatic.com,20,1,19,5.0
icloud.com,20,1,19,5.0
ivi.ru,20,1,19,5.0
linkos.bg,20,1,19,5.0
mail.ru,20,1,19,5.0
nginx.org,20,1,19,5.0
reddit.com,20,1,19,5.0
samsung.com,20,1,19,5.0
sentry.io,20,1,19,5.0
skype.com,20,1,19,5.0
t.co,20,1,19,5.0
telekom.net,20,1,19,5.0
trbcdn.net,20,1,19,5.0
tumblr.com,20,1,19,5.0
ui.com,20,1,19,5.0
unity3d.com,20,1,19,5.0
windows.com,20,1,19,5.0
workers.dev,20,1,19,5.0
youtube.com,20,1,19,5.0
adnxs.com,20,0,20,0.0
baidu.com,20,0,20,0.0
health.mil,20,0,20,0.0
nic.ru,20,0,20,0.0
outlook.com,20,0,20,0.0
tiktok.com,20,0,20,0.0
whatsapp.net,20,0,20,0.0
