archivo,label,num_accesos,watson_run_1,watson_run_5,watson_run_10,watson_run_20,accesos_test_20_runs,watson_20_runs,watson_media_20,watson_desv_20
captura_0000001_H123.csv,google.com,20,0.03230266465560582,0.03230266465560582,0.014989177489177458,0.03230266465560582,14;10;1;6;14;9;11;20;7;15;2;15;13;19;3;12;4;1;10;14,0.03230266465560582;0.0;0.0;0.0;0.03230266465560582;0.0;0.0;0.015548567435359872;0.0;0.014989177489177458;0.07647129539144054;0.014989177489177458;0.0;0.0;0.0;0.02529761904761907;0.03851396132116472;0.0;0.0;0.03230266465560582,0.014135889607037828,0.020256488927564112
captura_0000002_H123.csv,microsoft.com,20,0.060719210623132396,0.08779349274144917,0.06013677062372481,0.22331278703913393,14;10;20;1;8;13;12;20;1;16;15;14;1;2;7;14;8;14;7;9,0.060719210623132396;0.0807700080515298;0.10112892983132551;0.10318244170096022;0.08779349274144917;0.05739046765973806;0.047174402640874954;0.10112892983132551;0.10318244170096022;0.06013677062372481;0.05496351648711214;0.060719210623132396;0.10318244170096022;0.09085010268461688;0.0924223735886107;0.060719210623132396;0.08779349274144917;0.060719210623132396;0.0924223735886107;0.22331278703913393,0.08648559075524558,0.037590551941395385
captura_0000003_H123.csv,mail.ru,20,0.09850071428571426,0.09104335158903332,0.10122812268958727,0.0914183855360326,19;18;20;4;6;8;1;20;6;8;6;14;20;17;12;8;8;18;5;10,0.09850071428571426;0.09526892589546783;0.12632568549018067;0.09269045709703287;0.09104335158903332;0.10122812268958727;0.09763069221790623;0.12632568549018067;0.09104335158903332;0.10122812268958727;0.09104335158903332;0.09656642608928094;0.12632568549018067;0.10390461745871252;0.11989852736619595;0.10122812268958727;0.10122812268958727;0.09526892589546783;0.10340075911162597;0.0914183855360326,0.1025784016474714,0.012154949152130317
captura_0000004_H123.csv,facebook.com,20,0.0,0.0,0.0,0.0,4;16;4;4;2;6;12;12;16;4;12;20;5;20;20;2;14;19;12;14,0.0;0.0;0.0;0.0;0.0;0.0;0.0;0.0;0.0;0.0;0.0;0.0;0.0;0.0;0.0;0.0;0.0;0.0;0.0;0.0,0.0,0.0
captura_0000005_H123.csv,dzen.ru,20,0.013611111111111088,0.013611111111111088,0.2176174241437773,0.0,12;18;18;8;12;14;10;9;16;1;20;5;19;18;5;16;20;11;1;17,0.013611111111111088;0.0;0.0;0.042242700457089166;0.013611111111111088;0.0;0.0;0.022767857142857117;0.0;0.2176174241437773;0.014599317988064766;0.0;0.0;0.0;0.0;0.0;0.014599317988064766;0.0;0.2176174241437773;0.0,0.02783331320429263,0.06582290675783274
captura_0000008_H123.csv,apple.com,20,0.0,0.008333333333333333,0.0,0.009650072150072145,13;3;11;13;5;5;12;18;10;19;3;9;3;15;20;11;16;11;3;18,0.0;0.0;0.0;0.0;0.008333333333333333;0.008333333333333333;0.0;0.009650072150072145;0.0;0.0;0.0;0.0;0.0;0.018863049095607196;0.008333333333333333;0.0;0.009878994138778609;0.0;0.0;0.009650072150072145,0.0036521093767265048,0.005530928382727565
captura_0000009_H123.csv,youtube.com,20,0.004702928157984345,0.056177919185445555,0.004756617903169597,0.004702928157984345,19;9;19;5;7;16;14;20;11;8;8;3;7;6;4;3;19;16;12;19,0.004702928157984345;0.007662835249042145;0.004702928157984345;0.007662835249042145;0.056177919185445555;0.04332843749235025;0.06390986717993481;0.1077272411362305;0.03463921649506707;0.004756617903169597;0.004756617903169597;0.08660701900402275;0.056177919185445555;0.03928561689818016;0.05226965394308193;0.08660701900402275;0.004702928157984345;0.04332843749235025;0.055884000659087205;0.004702928157984345,0.03847964833057898,0.03243915023372
captura_0000010_H123.csv,googleapis.com,20,0.0,0.0,0.0,0.07272727272727275,11;19;14;16;2;13;18;15;9;12;8;12;11;2;4;12;10;8;1;19,0.0;0.07272727272727275;0.0;0.0;0.0;0.0;0.0;0.0;0.0;0.0;0.0;0.0;0.0;0.0;0.0;0.0;0.0;0.0;0.0;0.07272727272727275,0.007272727272727275,0.02238498222731246
captura_0000011_H123.csv,cloudflare.com,20,0.003436426116838488,0.0017094017094017094,0.0017094017094017094,0.04745879073903081,19;12;13;7;9;15;2;10;6;4;18;7;2;4;12;19;15;13;10;6,0.003436426116838488;0.0056064490856969846;0.004326784686240654;0.003472222222222222;0.0017094017094017094;0.002197623688851763;0.0017543859649122807;0.0017543859649122807;0.04745879073903081;0.0017094017094017094;0.003436426116838488;0.003472222222222222;0.0017543859649122807;0.0017094017094017094;0.0056064490856969846;0.003436426116838488;0.002197623688851763;0.004326784686240654;0.0017543859649122807;0.04745879073903081,0.007428938409122729,0.013748634886777814
captura_0000013_H123.csv,twitter.com,20,0.046996427889728104,0.05292852264455818,0.046996427889728104,0.046996427889728104,1;19;19;12;10;6;9;17;16;1;3;8;12;3;6;10;5;2;7;1,0.046996427889728104;0.009039347749025164;0.009039347749025164;0.03637592847186424;0.05292852264455818;0.023099559616413558;0.028541446377647467;0.007168458781362008;0.05161731323111645;0.046996427889728104;0.003584229390681004;0.021886081560283724;0.03637592847186424;0.003584229390681004;0.023099559616413558;0.05292852264455818;0.0036630036630036634;0.007168458781362008;0.013271080928126792;0.046996427889728104,0.026218015136858536,0.01868597359825764
captura_0000014_H123.csv,instagram.com,20,0.006666666666666667,0.006666666666666667,0.05135408163265308,0.028673361522198716,9;10;6;2;9;13;4;4;7;11;19;1;15;16;9;3;13;8;5;10,0.006666666666666667;0.028673361522198716;0.0;0.008574263038548758;0.006666666666666667;0.006666666666666667;0.008235294117647042;0.008235294117647042;0.04707807919915933;0.05135408163265308;0.05580332132853138;;0.0;0.008235294117647042;0.006666666666666667;0.04896871539313401;0.006666666666666667;0.008401360544217692;0.09552188552188552;0.028673361522198716,0.022688823441515876,0.025737131344317522
captura_0000017_H123.csv,office.com,20,0.09655677655677654,0.09013618495110852,0.09080981081672121,0.05562229535956959,10;8;7;12;1;20;13;4;17;11;13;11;9;12;12;12;17;8;4;8,0.09655677655677654;0.05562229535956959;0.058341999880461425;0.09825693973315242;0.09013618495110852;0.06451271256153099;0.08631893602412938;0.1531625517339803;0.1109328457065933;0.09080981081672121;0.08631893602412938;0.09080981081672121;0.12571907576913297;0.09825693973315242;0.09825693973315242;0.09825693973315242;0.1109328457065933;0.05562229535956959;0.1531625517339803;0.05562229535956959,0.09388048416465886,0.02844340069744217
captura_0000018_H123.csv,gstatic.com,20,0.0,0.0,0.0,0.0,6;9;3;16;4;8;1;12;14;3;8;2;16;3;6;16;14;15;8;4,0.0;0.0;0.0;0.0;0.0;0.0;0.0;0.0;0.10330877913295494;0.0;0.0;0.0;0.0;0.0;0.0;0.0;0.10330877913295494;0.0;0.0;0.0,0.010330877913295494,0.03179777129122748
captura_0000019_H123.csv,azure.com,20,0.0889689642675944,0.0742894056847545,0.09871900516675466,0.08147542608006346,12;15;15;5;18;6;7;11;2;8;12;10;4;20;6;12;19;10;10;7,0.0889689642675944;0.041815713115371175;0.041815713115371175;0.060890455873370886;0.0742894056847545;0.08359801382137341;0.08147542608006346;0.06831073318216178;0.05010018936891707;0.09871900516675466;0.0889689642675944;0.057242810587043655;0.0465018593606654;0.0586387232767033;0.08359801382137341;0.0889689642675944;0.06570960767818217;0.057242810587043655;0.057242810587043655;0.08147542608006346,0.068778680509452,0.017448314176056995
captura_0000020_H123.csv,linkedin.com,20,0.01620370370370372,0.19347693032015068,0.003115264797507788,0.003115264797507788,20;19;14;13;1;12;3;20;9;10;1;11;14;5;11;10;13;11;19;10,0.01620370370370372;0.021492386639728245;0.0038512103804052567;0.03557594439290866;0.19347693032015068;0.025104016813430243;0.06770204310985331;0.01620370370370372;0.02754405471675499;0.003115264797507788;0.19347693032015068;0.0787419651977643;0.0038512103804052567;0.03736726685133888;0.0787419651977643;0.003115264797507788;0.03557594439290866;0.0787419651977643;0.021492386639728245;0.003115264797507788,0.04722447111754934,0.05632253364101521
captura_0000022_H123.csv,live.com,20,0.08455932672845425,0.08216630479430583,0.042890255560855954,0.06321137554161547,15;2;8;8;8;1;15;1;15;16;18;2;15;6;2;7;9;12;1;7,0.08455932672845425;0.14134332391987697;0.08216630479430583;0.08216630479430583;0.08216630479430583;0.04348430943258528;0.08455932672845425;0.04348430943258528;0.08455932672845425;0.042890255560855954;0.06793330010551336;0.14134332391987697;0.08455932672845425;0.1109839559539154;0.14134332391987697;0.06321137554161547;0.057796542850483516;0.12060537808896325;0.04348430943258528;0.06321137554161547,0.08329256524985418,0.032733256756625244
captura_0000023_H123.csv,googletagmanager.com,20,0.0,0.0,0.0,0.0,11;19;13;1;10;1;7;16;16;7;10;13;14;15;2;9;13;11;15;4,0.0;0.03598484848484852;0.0;0.0;0.0;0.0;0.0;0.11388888888888887;0.11388888888888887;0.0;0.0;0.0;0.0;0.1428030303030303;0.0;0.0;0.0;0.0;0.1428030303030303;0.0,0.027468434343434343,0.05278126689562359
captura_0000024_H123.csv,googlevideo.com,20,0.0,0.0,0.0,0.0,18;2;15;15;18;11;9;19;16;10;1;17;5;3;12;15;4;10;10;2,0.0;0.0;0.0;0.0;0.0;0.022486772486772444;0.023468057366362427;0.0;0.04344703997301402;0.0;0.052016733266733284;0.023468057366362427;0.0;0.0;0.0;0.0;0.03135822510822513;0.0;0.0;0.0,0.009812244278373487,0.01663584544305875
captura_0000025_H123.csv,amazon.com,20,0.3214172393214215,0.05971702321409365,0.07420172380682946,0.051650857917622146,19;20;19;20;8;19;8;18;7;15;20;2;10;17;11;1;16;7;15;5,0.3214172393214215;0.05371681922503764;0.3214172393214215;0.05371681922503764;0.05971702321409365;0.3214172393214215;0.05971702321409365;0.05153321577941695;0.09110855094726064;0.07420172380682946;0.05371681922503764;0.05200064813443253;0.05211183285062484;0.05940456963580054;0.07677360677130625;0.12777321855760862;;0.09110855094726064;0.07420172380682946;0.051650857917622146,0.10772130111697667,0.09699592547240397
captura_0000026_H123.csv,workers.dev,20,0.005555555555555556,0.06551696941279986,0.0,0.0,10;5;20;17;7;1;2;15;10;14;11;6;18;11;19;16;1;15;8;17,0.005555555555555556;0.006060606060606061;0.0;0.0;0.06551696941279986;0.08768746976294148;0.013983050847457597;0.0;0.005555555555555556;0.0;0.007362155388471191;0.014468642871546644;0.0;0.007362155388471191;0.0;0.006656426011264706;0.08768746976294148;0.0;0.017832167832167824;0.0,0.01628641122248896,0.028413986304864552
captura_0000027_H123.csv,fbcdn.net,20,0.0,0.0,0.0,0.011706349206349182,9;20;8;8;10;1;13;19;11;5;13;11;7;15;16;4;2;8;16;2,0.0;0.0;0.0;0.0;0.0;0.009523809523809523;0.0;0.0;0.0;0.0;0.0;0.0;0.0;0.009523809523809523;0.0;0.0;0.011706349206349182;0.0;0.0;0.011706349206349182,0.0021230158730158703,0.004385017501207633
captura_0000029_H123.csv,wikipedia.org,20,0.0,0.0,0.0,0.0,5;15;6;15;16;19;19;8;12;13;9;19;16;13;13;18;3;6;12;2,0.0;0.0;0.0;0.0;0.0;0.0;0.0;0.0;0.02023809523809525;0.0;0.0;0.0;0.0;0.0;0.0;0.0;0.0;0.0;0.02023809523809525;0.0,0.002023809523809525,0.00622915428051701
captura_0000032_H123.csv,doubleclick.net,20,0.0523892415627459,0.03313386524822691,0.03313386524822691,0.05876214554828478,14;14;3;1;10;1;9;19;4;10;17;8;14;3;17;11;20;14;1;11,0.0523892415627459;0.0523892415627459;0.0;0.14296027586566543;0.03313386524822691;0.14296027586566543;0.0;0.042118893375677605;0.023460314977054635;0.03313386524822691;0.0;0.03447763898670158;0.0523892415627459;0.0;0.0;0.05876214554828478;0.01654589371980679;0.0523892415627459;0.14296027586566543;0.05876214554828478,0.0469416278250122,0.04651523281574202
captura_0000033_H123.csv,googleusercontent.com,20,0.0,0.0,0.0,0.0,2;17;7;1;17;14;18;2;15;8;6;15;18;11;1;3;2;10;20;11,0.0;0.0;0.03598484848484852;0.0;0.0;0.0;0.0;0.0;0.0;0.0;0.0;0.0;0.0;0.0;0.0;0.11388888888888887;0.0;0.0;0.0;0.0,0.00749368686868687,0.026300371695496885
captura_0000036_H123.csv,github.com,20,0.0,0.003472222222222222,0.003472222222222222,0.003472222222222222,9;18;10;3;1;9;16;13;5;3;2;6;3;5;5;10;3;8;16;3,0.0;0.0674906367041198;0.06031750841750842;0.003472222222222222;0.003472222222222222;0.0;0.016412514318442126;0.003472222222222222;0.0;0.003472222222222222;0.06772344439975095;0.0;0.003472222222222222;0.0;0.0;0.06031750841750842;0.003472222222222222;0.0;0.016412514318442126;0.003472222222222222,0.01564898410656637,0.025280714595542562
captura_0000040_H123.csv,bing.com,20,0.15622434205107527,0.15622434205107527,0.14290257029833625,0.08082240145206403,14;16;10;20;14;16;2;13;11;4;3;13;16;5;5;6;5;5;2;20,0.15622434205107527;0.11303340836033217;0.143243391343948;0.08082240145206403;0.15622434205107527;0.11303340836033217;0.15524135826046973;0.07477644409736214;0.07388635498062888;0.14290257029833625;0.10238679684057264;0.07477644409736214;0.11303340836033217;0.09176583989862865;0.09176583989862865;0.08676091991713225;0.09176583989862865;0.09176583989862865;0.15524135826046973;0.08082240145206403,0.10947363548890357,0.03077329501293517
captura_0000043_H123.csv,fastly.net,20,0.10047286955193199,0.06223964556196569,0.0369963791405631,0.033212307596230846,15;14;16;6;20;20;7;1;18;10;1;19;4;4;11;2;8;20;17;4,0.10047286955193199;0.04725471085120208;0.07966168576069986;0.05749757121224994;0.06223964556196569;0.06223964556196569;0.06294248682113045;0.04662863009127703;0.09855373807247957;0.0369963791405631;0.04662863009127703;0.09997490254084286;0.033212307596230846;0.033212307596230846;0.044906946149094774;0.06201239285615594;0.04187031625423951;0.06223964556196569;0.07775002510874016;0.033212307596230846,0.05947535719882369,0.02201795711436558
captura_0000044_H123.csv,wordpress.org,20,0.0,0.04992041628405265,0.04315766079158939,0.007922109337203677,3;6;5;16;9;18;10;9;15;20;3;11;17;7;16;5;12;15;13;12,0.0;0.05077925721865116;0.0;0.08678769291650179;0.04992041628405265;0.0;0.0;0.04992041628405265;0.013804713804713778;0.04315766079158939;0.0;0.06482752740317713;0.007774283717679964;0.0;0.08678769291650179;0.0;0.007922109337203677;0.013804713804713778;0.0;0.007922109337203677,0.024170429690802072,0.03041375563362731
captura_0000045_H123.csv,pinterest.com,20,0.06678780033295086,0.05316754705330798,0.08478754462146354,0.0366473501001131,17;5;12;10;14;2;12;11;8;16;3;5;7;8;13;4;13;19;4;5,0.06678780033295086;0.0366473501001131;0.09704175429199752;0.1445473806933651;0.05316754705330798;0.10114315682045251;0.09704175429199752;0.07808631596578028;0.11677083083923265;0.08478754462146354;0.11063313533874432;0.0366473501001131;0.09149940783757124;0.11677083083923265;0.05959003364527175;0.07800770469718539;0.05959003364527175;0.03875395465086611;0.07800770469718539;0.0366473501001131,0.07910844702811079,0.030826293215256574
captura_0000046_H123.csv,icloud.com,20,0.0,0.011807261807261795,0.0,0.04995554522581549,2;15;5;10;20;17;2;12;6;12;12;4;3;8;10;12;12;15;19;6,0.0;0.0;0.0;0.043904320987654365;0.011807261807261795;0.0;0.0;0.0;0.04995554522581549;0.0;0.0;0.012519201228878622;0.0;0.0;0.043904320987654365;0.0;0.0;0.0;0.053098553098553096;0.04995554522581549,0.01325723742808166,0.02108479508013526
captura_0000047_H123.csv,whatsapp.net,20,0.0,0.0,0.0,0.0,19;12;15;9;9;7;2;20;15;15;16;17;8;4;2;8;9;3;8;10,0.0;0.007936507936507936;0.0;0.0;0.0;0.010264227642276427;0.007936507936507936;0.0;0.0;0.0;0.0;0.0;0.0;0.0;0.007936507936507936;0.0;0.0;0.007936507936507936;0.0;0.0,0.0021005129694154087,0.003763144732686932
captura_0000049_H123.csv,youtu.be,20,0.08435244452824711,0.07469614916088993,0.05602938966751357,0.07336671487767227,4;10;18;4;16;18;16;6;3;18;2;17;3;17;4;3;15;11;2;11,0.08435244452824711;0.043430474599478346;0.05602938966751357;0.08435244452824711;0.07469614916088993;0.05602938966751357;0.07469614916088993;0.04725866179276927;0.04387944198771993;0.05602938966751357;0.053129545966767076;0.07464154925418284;0.04387944198771993;0.07464154925418284;0.08435244452824711;0.04387944198771993;0.08094703375547788;0.07336671487767227;0.053129545966767076;0.07336671487767227,0.06380439586085958,0.015397688739230916
captura_0000050_H123.csv,netflix.com,20,0.03208333333333335,0.11405621795232188,0.061184210526315785,0.10096153846153844,3;3;2;3;2;18;12;13;4;5;2;18;16;16;15;10;1;7;5;7,0.03208333333333335;0.03208333333333335;0.11405621795232188;0.03208333333333335;0.11405621795232188;0.08810331984033283;0.06257584670635036;0.06605691056910568;0.019078947368421084;0.061184210526315785;0.11405621795232188;0.08810331984033283;0.10536328177849039;0.10536328177849039;0.09629368083190126;0.04208333333333336;0.06605691056910568;0.10096153846153844;0.061184210526315785;0.10096153846153844,0.0750894492224269,0.03162023108895783
captura_0000051_H123.csv,sharepoint.com,20,0.006738437001594903,0.006738437001594903,0.0491849247217215,0.07310332658836952,12;15;10;2;12;17;1;20;9;16;16;10;3;13;20;8;17;3;3;5,0.006738437001594903;0.039371315642124226;0.041950702913067184;0.04165822488415657;0.006738437001594903;0.03899472251079057;0.06758873858249506;0.07571296774827721;0.03587962962962963;0.0491849247217215;0.0491849247217215;0.041950702913067184;0.03305108871399001;0.0067995453438337294;0.07571296774827721;0.0321395530412959;0.03899472251079057;0.03305108871399001;0.03305108871399001;0.07310332658836952,0.04104285548223887,0.020655204152452304
captura_0000052_H123.csv,appsflyersdk.com,20,0.0,0.0,0.0,0.03939393939393937,10;8;4;5;1;9;5;5;10;2;13;17;9;16;19;13;10;2;11;3,0.0;0.0;0.0;0.0;0.0;0.0;0.0;0.0;0.0;0.0;0.0;0.0;0.0;0.0;0.0;0.0;0.0;0.0;0.0;0.03939393939393937,0.0019696969696969685,0.00880875263863553
captura_0000053_H123.csv,digicert.com,20,0.0,0.0,0.021271929824561414,0.021271929824561414,14;19;19;13;13;11;18;4;6;8;15;20;17;3;7;16;17;7;3;8,0.0;0.0;0.0;0.0;0.0;0.0;0.0;0.0196078431372549;0.0;0.021271929824561414;0.0;0.0;0.0;0.0;0.0;0.0;0.0;0.0;0.0;0.021271929824561414,0.0031075851393188867,0.007596106348355519
captura_0000055_H123.csv,yahoo.com,20,0.0,0.0,0.0,0.0,14;3;6;3;9;11;20;17;5;12;20;7;20;4;8;14;6;5;9;14,0.0;0.14851319315605027;0.0;0.14851319315605027;0.0;0.0;0.07064471879286693;0.0;0.0;0.0;0.07064471879286693;0.0;0.07064471879286693;0.0;0.0;0.0;0.0;0.0;0.0;0.0,0.02544802713453507,0.04927491315487109
captura_0000056_H123.csv,googlesyndication.com,20,0.0,0.0,0.0,0.03254530557162136,18;8;12;14;6;14;19;3;11;6;17;9;11;20;4;6;5;18;20;20,0.0;0.0;0.057200419615577994;0.006991525423728799;0.0;0.006991525423728799;0.03270764323395903;0.02354111405835546;0.015844218674407353;0.0;0.007362155388471191;0.0;0.015844218674407353;0.03254530557162136;0.0;0.0;0.0;0.0;0.03254530557162136;0.03254530557162136,0.013205936860375002,0.016606213289551107
captura_0000057_H123.csv,skype.com,20,0.008547008547008546,0.09595324069008278,0.0,0.0,12;14;17;1;7;5;14;6;18;3;10;12;15;8;7;17;11;18;6;9,0.008547008547008546;0.0;0.0;0.06308544829366892;0.09595324069008278;0.0;0.0;0.0;0.0;0.0;0.021047008547008556;0.008547008547008546;0.011083451872925521;0.03791763791763792;0.09595324069008278;0.0;0.0;0.0;0.0;0.0,0.017106702255271177,0.031364333408403784
captura_0000058_H123.csv,whatsapp.com,20,0.0,0.0,0.0,0.0,5;20;5;9;20;1;9;2;19;12;20;12;14;12;5;16;5;13;7;12,0.0;0.0;0.0;0.0;0.0;0.0;0.0;0.008130081300813009;0.008130081300813009;0.0;0.0;0.0;0.007751937984496124;0.0;0.0;0.01052350427350425;0.0;0.0;0.0;0.0,0.0017267802429813196,0.0035791628576833604
captura_0000060_H123.csv,goo.gl,20,0.0,0.0,0.0,0.0,20;16;14;1;9;19;13;13;19;11;8;16;6;11;6;11;2;12;8;15,0.0;0.0;0.11631944444444442;0.0;0.0;0.0;0.0;0.0;0.0;0.0;0.03333333333333333;0.0;0.0;0.0;0.0;0.0;0.0;0.0;0.03333333333333333;0.0,0.009149305555555555,0.027220579999919198
captura_0000063_H123.csv,adobe.com,20,0.0,0.0,0.0,0.0,6;11;15;11;2;7;15;19;1;16;17;4;8;19;7;13;20;18;16;2,0.0;0.0;0.0;0.0;0.0;0.04861111111111112;0.0;0.0;0.0;0.0;0.0;0.0;0.0;0.0;0.04861111111111112;0.0;0.0;0.0;0.0;0.0,0.004861111111111112,0.014962184301241833
captura_0000064_H123.csv,vimeo.com,20,0.11280153428870679,0.08101361439673417,0.10259027089029778,0.09419031688160746,8;5;13;10;5;5;1;3;19;19;13;4;14;5;1;2;4;5;18;12,0.11280153428870679;0.08101361439673417;0.08816570851746064;0.125140608675223;0.08101361439673417;0.08101361439673417;0.11622357394602512;0.10806465232975934;0.10259027089029778;0.10259027089029778;0.08816570851746064;0.12072376970929019;0.11905056140103104;0.08101361439673417;0.11622357394602512;0.09841672089359978;0.12072376970929019;0.08101361439673417;0.08010369504690901;0.09419031688160746,0.09991214038133274,0.01644312657493647
captura_0000065_H123.csv,windows.net,20,0.03381620868180008,0.006764498501674595,0.049913793103448297,0.03537774701894647,18;20;16;5;19;10;13;12;13;16;8;5;16;19;10;13;1;6;13;15,0.03381620868180008;0.02277039848197343;0.049913793103448297;0.013983050847457597;0.006764498501674595;0.030412260863625334;0.01352899700334919;0.011842757936507936;0.01352899700334919;0.049913793103448297;0.03923109958845136;0.013983050847457597;0.049913793103448297;0.006764498501674595;0.030412260863625334;0.01352899700334919;0.0;0.0;0.01352899700334919;0.03537774701894647,0.0224607599728468,0.0162899744907984
captura_0000066_H123.csv,spotify.com,20,0.019289329786447942,0.03612025542907272,0.016594944101181217,0.043978406077916865,16;15;7;6;10;5;3;7;7;17;4;3;2;19;19;20;15;5;1;9,0.019289329786447942;0.026259790881548797;0.04286243746673875;0.03727063272167879;0.03612025542907272;0.03441648647703647;0.033055465393413946;0.04286243746673875;0.04286243746673875;0.016594944101181217;0.07308550999668163;0.033055465393413946;0.02656290068250695;0.044604300598536886;0.044604300598536886;0.01732520579963468;0.026259790881548797;0.03441648647703647;0.06888657957921014;0.043978406077916865,0.03721865816378097,0.014667362782119223
captura_0000067_H123.csv,msn.com,20,0.14767709818472025,0.08537436263123438,0.053418141235979794,0.07473539103727327,1;5;12;18;5;13;15;19;2;19;3;4;20;11;4;17;7;9;9;11,0.14767709818472025;0.08537436263123438;;0.04580523011454253;0.08537436263123438;0.06075405652693265;0.08860797214057878;0.053418141235979794;0.09102840564766196;0.053418141235979794;0.029813726320790636;0.05588690938496016;0.05358480484927747;0.07473539103727327;0.05588690938496016;0.04676084319591118;0.11358269008611636;0.0459815930849565;0.0459815930849565;0.07473539103727327,0.06886355904291264,0.028296107745326482
captura_0000068_H123.csv,tiktokv.com,20,0.0,0.0,0.0,0.0,16;13;19;3;2;18;8;19;9;2;17;18;15;17;7;19;7;9;5;7,0.0;0.0;0.0;0.0;0.0;0.13933080808080808;0.0;0.0;0.0;0.0;0.0;0.13933080808080808;0.0;0.0;0.0;0.0;0.0;0.0;0.0;0.0,0.013933080808080808,0.04288511786083211
captura_0000069_H123.csv,google-analytics.com,20,0.0290587561663143,0.06500842752329965,0.07827611664820966,0.0,18;1;13;3;14;7;11;16;7;11;5;8;8;15;12;17;14;16;12;12,0.0290587561663143;0.03526422764227642;0.032127619391005016;0.009343434343434324;0.06500842752329965;0.0;0.07827611664820966;0.03249474586582605;0.0;0.07827611664820966;0.007751937984496124;0.010017421602787437;0.010017421602787437;0.0;0.0;0.0;0.06500842752329965;0.03249474586582605;0.0;0.0,0.02425696994038859,0.02764297583283357
captura_0000071_H123.csv,bit.ly,20,0.03150537634408602,0.039828578743325294,0.04249524540999196,0.025750543564579204,16;13;7;13;18;13;19;9;3;1;13;3;16;14;12;10;16;7;9;3,0.03150537634408602;0.027499654549094914;0.027280860215053774;0.027499654549094914;0.039828578743325294;0.027499654549094914;0.04101425940040652;0.024065032258064507;0.025750543564579204;0.04249524540999196;0.027499654549094914;0.025750543564579204;0.03150537634408602;0.05439187371408473;0.031657258064516136;0.03492314063097557;0.03150537634408602;0.027280860215053774;0.024065032258064507;0.025750543564579204,0.031438425941595606,0.0076976623772261115
captura_0000072_H123.csv,roblox.com,20,0.09047797764551668,0.08556204545904918,0.08815322884586954,0.05123840510325737,3;7;3;20;18;2;15;16;19;6;18;8;15;19;11;16;6;4;16;4,0.09047797764551668;0.170378774049173;0.09047797764551668;0.16545852413798381;0.08556204545904918;0.09972537299421531;0.11251718213058422;0.07436022867920081;0.09045002616431191;0.08815322884586954;0.08556204545904918;0.13307503785505437;0.11251718213058422;0.09045002616431191;0.03885872350526251;0.07436022867920081;0.08815322884586954;0.05123840510325737;0.07436022867920081;0.05123840510325737,0.09336874246382346,0.03347669289483535
captura_0000073_H123.csv,ntp.org,20,0.040740740740740744,0.04025764895330114,0.08083089421741904,0.06620599260013252,1;16;16;1;16;9;11;1;6;18;5;1;18;19;12;13;2;7;15;9,0.040740740740740744;0.04025764895330114;0.04025764895330114;0.040740740740740744;0.04025764895330114;0.06620599260013252;0.06333333333333331;0.040740740740740744;0.051234567901234596;0.08083089421741904;0.06226336850155375;0.040740740740740744;0.08083089421741904;0.029629629629629617;0.05281948270584631;0.07669082125603865;0.04569243156199676;0.040740740740740744;0.08454775022956841;0.06620599260013252,0.05423809046589558,0.016948270553436225
captura_0000075_H123.csv,cloudflare.net,20,0.0,0.0,0.0,0.0,4;4;17;7;9;2;10;6;20;1;9;13;4;5;1;16;1;6;2;19,0.0;0.0;0.005376344086021505;0.07142857142857145;0.0;0.0;0.0;0.0;0.0;0.0;0.0;0.06622688609467453;0.0;0.0;0.0;0.0;0.0;0.0;0.0;0.0,0.007151590080463374,0.02114367084629792
captura_0000077_H123.csv,intuit.com,20,0.03123909808004303,0.0,0.03123909808004303,0.044031174516908175,19;8;14;10;12;11;6;14;18;19;16;20;10;16;13;20;20;19;19;20,0.03123909808004303;0.05993333333333336;0.03368319022226516;0.05981071098799634;0.0;0.05709457524202322;0.04154842165964796;0.03368319022226516;0.03361568465857903;0.03123909808004303;0.0;0.044031174516908175;0.05981071098799634;0.0;0.0;0.044031174516908175;0.044031174516908175;0.03123909808004303;0.03123909808004303;0.044031174516908175,0.03401304538509557,0.02006908417686366
captura_0000079_H123.csv,x.com,20,0.004778893587033092,0.0036630036630036634,0.0036630036630036634,0.004724697576305487,10;4;6;15;19;20;7;10;3;16;15;18;16;10;9;6;12;5;20;13,0.004778893587033092;0.04867928534283117;0.06335951351950349;0.003745318352059925;0.0036630036630036634;0.06651172771135282;0.007407407407407408;0.004778893587033092;0.00456924315619969;0.0036630036630036634;0.003745318352059925;0.00456924315619969;0.0036630036630036634;0.004778893587033092;0.003745318352059925;0.06335951351950349;0.018276972624798705;0.08279475570647046;0.06651172771135282;0.004724697576305487,0.023366286711910763,0.028823690628094086
captura_0000080_H123.csv,tiktok.com,20,0.10993982399387801,0.16079404154839358,0.1162245962016497,0.16079404154839358,10;15;20;2;19;9;7;5;12;15;18;11;11;15;6;2;20;7;13;19,0.10993982399387801;0.1162245962016497;0.1417600007476299;0.1219605822648057;0.16079404154839358;0.09986546639197075;0.09181382451930406;0.12390801469433677;0.10865036327631913;0.1162245962016497;0.11501816857702059;0.14525772497887826;0.14525772497887826;0.1162245962016497;0.13377640373256872;0.1219605822648057;0.1417600007476299;0.09181382451930406;0.1488069065475937;0.16079404154839358,0.12559056419683298,0.020851137906976413
captura_0000081_H123.csv,wordpress.com,20,0.04810080288494252,0.03843896713615025,0.055019007603041244,0.07891370403486517,1;12;14;16;6;13;13;2;5;9;1;13;16;20;12;6;9;20;8;8,0.04810080288494252;0.04221436067384699;0.041960093896713624;0.0768657905849445;0.03843896713615025;0.07252347500292705;0.07252347500292705;0.05875863674564971;0.05569330318559888;0.055019007603041244;0.04810080288494252;0.07252347500292705;0.0768657905849445;0.06023287185178159;0.04221436067384699;0.03843896713615025;0.055019007603041244;0.06023287185178159;0.07891370403486517;0.07891370403486517,0.058677673418794395,0.014438179222057045
captura_0000082_H123.csv,zoom.us,20,0.0,0.0036359013475718155,0.0,0.0,3;15;7;13;11;13;1;16;11;6;10;5;7;10;5;14;6;20;17;16,0.0;0.0170026515564273;0.027872216773818598;0.01978239636339471;0.0036359013475718155;0.01978239636339471;0.02569830373034035;0.0;0.0036359013475718155;0.0;0.04915821301997113;0.0;0.027872216773818598;0.04915821301997113;0.0;0.0170026515564273;0.0;0.035500507135594744;0.005847953216374269;0.0,0.015097476110233824,0.01649608999864054
captura_0000085_H123.csv,yandex.net,20,0.02401960784313728,0.021462639109697923,0.06989210284664829,0.06989210284664829,14;18;1;20;7;19;10;9;5;12;19;1;9;18;5;14;20;17;20;12,0.02401960784313728;0.03137254901960784;0.05049610205527999;0.037822952710495975;0.021462639109697923;0.05198973628460812;0.0;0.0;0.012751786874593857;0.06989210284664829;0.05198973628460812;0.05049610205527999;0.0;0.03137254901960784;0.012751786874593857;0.02401960784313728;0.037822952710495975;0.07919744536780549;0.037822952710495975;0.06989210284664829,0.034758635622837104,0.02360231420998803
captura_0000086_H123.csv,nic.ru,20,0.05942874692874694,0.03287337662337665,0.06510908681961315,0.031907176122604165,16;15;1;7;5;2;18;17;19;18;17;20;1;7;6;2;8;6;1;17,0.05942874692874694;0.0683830272291811;0.055529989512850556;0.07274185043131563;0.03287337662337665;0.045747599451303134;0.06510908681961315;0.031907176122604165;0.05414738289012744;0.06510908681961315;0.031907176122604165;0.059010541153398294;0.055529989512850556;0.07274185043131563;0.13286551586061546;0.045747599451303134;0.038886290286150635;0.13286551586061546;0.055529989512850556;0.031907176122604165,0.060398448357151996,0.02820396367432829
captura_0000088_H123.csv,mozilla.org,20,0.0,0.0,0.0,0.0,10;7;3;14;14;10;7;15;7;19;11;11;17;12;16;18;8;4;19;16,0.0;0.06010452961672472;0.06130065754159962;0.0;0.0;0.0;0.06010452961672472;0.0;0.06010452961672472;0.0;0.0;0.0;0.0;0.006666666666666667;0.0;0.015844218674407353;0.0;0.0;0.0;0.0,0.013206256586642389,0.024497919896206293
captura_0000089_H123.csv,qq.com,20,0.1451510495732053,0.14431595744441392,0.14460235930394097,0.09553957709476732,19;20;15;10;14;18;3;15;19;1;10;18;1;10;17;18;13;16;4;7,0.1451510495732053;0.1367058216563188;0.09479038213473151;0.17391275008753554;0.14431595744441392;0.09302191735507634;0.07904094343218583;0.09479038213473151;0.1451510495732053;0.14460235930394097;0.17391275008753554;0.09302191735507634;0.14460235930394097;0.17391275008753554;0.09681883975812544;0.09302191735507634;0.1707806972419458;0.29363929525742655;0.1458911535573106;0.09553957709476732,0.13663119348970426,0.04931175483825091
captura_0000091_H123.csv,gandi.net,20,0.0,0.0,0.0,0.0,18;7;16;14;16;11;18;10;14;10;1;15;19;7;14;17;18;3;16;11,0.0;0.054852502295684114;0.0;0.0;0.0;0.0;0.0;0.0;0.0;0.0;0.0;0.0;0.014016897081413203;0.054852502295684114;0.0;0.0;0.0;0.014016897081413203;0.0;0.0,0.006886939937709732,0.016954958892165622
captura_0000093_H123.csv,office365.com,20,0.048504104760733135,0.0651208888888889,0.0651208888888889,0.0485721499472365,11;17;17;8;2;7;18;7;13;2;18;2;6;15;6;16;14;1;3;15,0.048504104760733135;0.05155534118817753;0.05155534118817753;0.07891913214990134;0.0651208888888889;0.04625406351587896;0.06088272068017005;0.04625406351587896;0.06689160047675581;0.0651208888888889;0.06088272068017005;0.0651208888888889;0.08782984607126182;0.0485721499472365;0.08782984607126182;0.02681685111955327;0.043696752311537405;0.05342724490872638;0.056423757102066215;0.0485721499472365,0.0580115176150695,0.015030420211573659
captura_0000094_H123.csv,opera.com,20,0.032086262177827084,0.0,0.0,0.007286535303776664,15;15;8;20;13;6;20;5;7;13;12;14;14;2;9;13;13;19;12;2,0.032086262177827084;0.032086262177827084;0.07191957506932678;0.007416267942583746;0.0;0.02265211640211641;0.007416267942583746;0.10233837361175238;0.06596564355185044;0.0;0.007690108633504833;0.023954864964853863;0.023954864964853863;0.007286535303776664;0.007984954988284622;0.0;0.0;0.0;0.007690108633504833;0.007286535303776664,0.02138643708342115,0.028067128675415713
captura_0000095_H123.csv,telekom.de,20,0.0,0.0,0.06755091097488655,0.0,8;2;15;3;19;12;18;5;15;4;1;7;10;13;1;16;11;19;5;6,0.0;0.06750357183128025;0.04435118522871976;0.0826394647134697;0.0;0.0;0.0;0.0;0.04435118522871976;0.06755091097488655;0.08544084825041645;0.0;0.0040650406504065045;0.0;0.08544084825041645;0.0;0.0;0.0;0.0;0.0,0.02406715275641577,0.03472860113039615
captura_0000096_H123.csv,blogspot.com,20,0.0,0.01628205128205125,0.0,0.0,9;5;16;15;17;15;6;11;8;7;19;10;17;14;17;12;2;16;13;19,0.0;0.022772772772772745;0.00980392156862745;0.00980392156862745;0.01628205128205125;0.00980392156862745;0.026377688172043008;0.012403446226975614;0.016944444444444453;0.0;0.0;0.0;0.01628205128205125;0.0;0.01628205128205125;0.0;0.05831037649219467;0.00980392156862745;0.15532311753902664;0.0,0.019009684288406034,0.03489317026903523
captura_0000097_H123.csv,unity3d.com,20,0.0,0.0,0.0,0.0,8;2;8;3;4;6;7;7;10;10;5;18;4;19;2;4;1;20;7;4,0.0;0.0;0.0;0.1333884297520661;0.0;0.0;0.0;0.0;0.0;0.0;0.0;0.0;0.0;0.0;0.0;0.0;0.0;0.0;0.0;0.0,0.006669421487603305,0.029826559633757525
captura_0000098_H123.csv,cloudflare-dns.com,20,0.0,0.0,0.009009009009009009,0.009009009009009009,19;13;8;12;17;1;17;16;7;5;4;9;5;13;17;2;9;19;9;5,0.0;0.0;0.0;0.0;0.0;0.0;0.0;0.0;0.0;0.009009009009009009;0.05113913255360623;0.0;0.009009009009009009;0.0;0.0;0.0;0.0;0.0;0.0;0.009009009009009009,0.003908307979031663,0.011592193796120037
captura_0000099_H123.csv,reddit.com,20,0.0,0.0,0.0,0.0,2;7;5;11;10;15;2;13;1;16;1;9;2;15;4;15;3;20;3;10,0.0;0.0;0.0;0.0;0.0;0.0;0.0;0.0;0.0;0.0;0.0;0.0;0.0;0.0;0.0;0.0;0.0;0.0;0.0;0.0,0.0,0.0
captura_0000100_H123.csv,googleadservices.com,20,0.0,0.0,0.0,0.0,11;11;18;8;5;6;12;19;15;2;3;2;10;8;7;6;8;8;13;12,0.0;0.0;0.0;0.11388888888888887;0.0;0.0;0.0;0.0;0.0;0.0;0.03598484848484852;0.0;0.0;0.11388888888888887;0.0;0.0;0.11388888888888887;0.11388888888888887;0.0;0.0,0.0245770202020202,0.046508079054611594
captura_0000101_H123.csv,googledomains.com,20,0.0,0.0,0.0,0.0,8;1;2;12;11;15;15;18;8;16;18;13;6;19;19;16;13;8;1;2,0.0;0.0;0.0;0.025122549019607844;0.0;0.0;0.0;0.0;0.0;0.0;0.0;0.0;0.0;0.0;0.0;0.0;0.0;0.0;0.0;0.0,0.0012561274509803922,0.005617572737591383
captura_0000102_H123.csv,samsung.com,20,0.04063047003174832,0.053390835331789135,0.021422760436098358,0.05090772430240629,5;20;11;2;8;6;8;4;1;3;9;14;8;10;20;6;9;2;3;12,0.04063047003174832;0.03560459459249417;0.004834347532116319;0.035093582887700536;0.053390835331789135;0.07600991775914631;0.053390835331789135;0.06667888030633129;0.06939854593522804;0.021422760436098358;0.021422760436098358;0.048233788458204696;0.053390835331789135;0.004778893587033092;0.03560459459249417;0.07600991775914631;0.021422760436098358;0.035093582887700536;0.021422760436098358;0.05090772430240629,0.041237119418575545,0.021531324371015882
captura_0000106_H123.csv,mts.ru,20,0.07495811136633924,0.06159716852389544,0.11479231783477482,0.04946279114901207,3;20;1;14;13;6;12;10;1;1;15;6;2;11;18;2;10;20;6;4,0.07495811136633924;0.04086330355822989;0.11479231783477482;0.0861898311582826;0.06159716852389544;0.08756786493223245;0.06858280516282697;0.08715300738815787;0.11479231783477482;0.11479231783477482;0.052052255686696434;0.08756786493223245;0.0842992498400151;0.1382460636246321;0.06801645206695231;0.0842992498400151;0.08715300738815787;0.04086330355822989;0.08756786493223245;0.04946279114901207,0.08154085743062324,0.025895607504402087
captura_0000107_H123.csv,baidu.com,20,0.005128205128205128,0.006256595808834626,0.04591600529100531,0.04591600529100531,12;11;8;3;2;5;10;15;12;7;10;19;11;2;9;14;9;15;18;7,0.005128205128205128;0.0788211787767532;0.029218929218929185;0.005128205128205128;0.006256595808834626;0.00643338143338143;0.006335509950248766;0.011658653846153832;0.005128205128205128;0.04591600529100531;0.006335509950248766;0.03705619285193118;0.0788211787767532;0.006256595808834626;0.08993855606758829;0.006450320512820499;0.08993855606758829;0.011658653846153832;0.011842757936507936;0.04591600529100531,0.029211959840967684,0.03138277750030404
captura_0000109_H123.csv,europa.eu,20,0.05695078031212489,0.025238095238095254,0.0,0.0,2;8;16;15;5;4;3;7;12;3;4;3;19;18;17;14;13;10;11;17,0.05695078031212489;0.08833778152276366;0.06207163939519469;0.06595920916843191;0.025238095238095254;0.0;0.0;0.05502015653737651;0.07851631393298061;0.0;0.0;0.0;0.025303140748029272;0.0;0.0;0.03541666666666665;0.0;0.058616486171459425;0.07684889332904504;0.0,0.031413958151108395,0.032910524693326344
captura_0000110_H123.csv,snapchat.com,20,0.003787878787878788,0.15112696592605213,0.023043630751964084,0.02211757109931266,19;18;14;2;11;10;2;17;17;13;14;8;9;19;16;14;2;4;17;18,0.003787878787878788;0.02211757109931266;0.007407407407407408;0.05124155240182636;0.15112696592605213;0.014174092728916406;0.05124155240182636;0.007407407407407408;0.007407407407407408;0.023043630751964084;0.007407407407407408;0.02312712466884435;0.003787878787878788;0.003787878787878788;0.07942122439260156;0.007407407407407408;0.05124155240182636;0.14157775855440216;0.007407407407407408;0.02211757109931266,0.034311933861748294,0.04361293881375625
captura_0000111_H123.csv,flickr.com,20,0.0688141815034434,0.03615256097414633,0.03654634984508748,0.038856107244157924,16;16;16;4;20;4;8;1;5;10;14;2;17;10;9;15;7;6;19;4,0.0688141815034434;0.0688141815034434;0.0688141815034434;0.038856107244157924;0.03615256097414633;0.038856107244157924;0.02185512101370246;0.048875960592229484;0.033622778470553616;0.03654634984508748;0.060612712247310574;0.05124950130599572;0.04690223628224306;0.03654634984508748;0.02277454330654998;0.057872577221179236;0.0339306128511166;0.035609484829243;0.0447117919391753;0.038856107244157924,0.044513672348321216,0.014268321225490604
captura_0000113_H123.csv,nginx.org,20,0.0,0.0,0.16145833333333337,0.0,18;3;7;7;2;6;6;13;10;17;19;11;20;12;12;1;6;12;17;10,0.0;0.0;0.03553921568627451;0.03553921568627451;0.0;0.0;0.0;0.0;0.0;0.16145833333333337;0.0;0.0;0.0;0.0;0.0;0.0;0.0;0.0;0.16145833333333337;0.0,0.019699754901960787,0.04968429363427488
captura_0000114_H123.csv,outlook.com,20,0.0828511163159932,0.08950693298596037,0.04854161533988213,0.10021216348107286,13;11;13;14;14;11;13;17;1;11;9;11;12;2;12;6;15;9;11;19,0.0828511163159932;0.04854161533988213;0.0828511163159932;0.08950693298596037;0.08950693298596037;0.04854161533988213;0.0828511163159932;0.06461704525949567;0.11009246493830026;0.04854161533988213;0.05534917825578053;0.04854161533988213;0.06481395779340987;0.10905370686832408;0.06481395779340987;;0.08702614910582832;0.05534917825578053;0.04854161533988213;0.10021216348107286,0.07271595228266911,0.02142943980708413
captura_0000115_H123.csv,amazon-adsystem.com,20,0.0,0.0,0.0,0.0,4;3;12;17;2;11;7;9;10;18;19;7;1;14;8;14;3;1;3;1,0.0;0.0;0.0;0.0;0.0;0.0;0.0;0.0;0.0;0.0;0.0;0.0;0.0;0.0;0.0;0.0;0.0;0.0;0.0;0.0,0.0,0.0
captura_0000117_H123.csv,apache.org,20,0.00837418300653593,0.0,0.0,0.1842897055663013,14;20;18;10;18;14;3;15;8;18;2;3;20;3;8;5;20;3;2;3,0.00837418300653593;0.0;0.0;0.0070921985815602835;0.0;0.00837418300653593;0.1842897055663013;0.01668278529980661;0.0;0.0;0.0;0.1842897055663013;0.0;0.1842897055663013;0.0;0.0;0.0;0.1842897055663013;0.0;0.1842897055663013,0.04809859388629727,0.08078980254173716
captura_0000118_H123.csv,t.me,20,0.0,0.015844218674407353,0.008235294117647042,0.007494588744588729,5;7;6;9;7;12;16;10;8;1;7;15;6;16;9;13;2;15;6;20,0.0;0.015844218674407353;0.0;0.015263748597081933;0.015844218674407353;0.0;0.057250448454152135;0.0;0.0;0.008235294117647042;0.015844218674407353;0.0;0.0;0.057250448454152135;0.015263748597081933;0.0;0.0;0.0;0.0;0.007494588744588729,0.010414546649396299,0.017364578020068466
captura_0000119_H123.csv,vk.com,20,0.06577961598806403,0.01722558939424297,0.022161033869386892,0.05368838619852856,20;18;16;11;10;3;6;17;14;7;5;3;2;2;17;7;16;9;9;15,0.06577961598806403;0.03482621829596038;0.13215043421125544;0.043315050424096696;0.01722558939424297;0.03888783961498645;0.06169779572343699;0.048223945693081555;0.08457034415005674;0.022161033869386892;0.06301761998685072;0.03888783961498645;0.07363559715188796;0.07363559715188796;0.048223945693081555;0.022161033869386892;0.13215043421125544;0.015672794363187095;0.015672794363187095;0.05368838619852856,0.054279195498440395,0.03365579612219507
captura_0000120_H123.csv,health.mil,20,0.0,0.0,0.0,0.0,6;17;4;15;20;13;4;11;8;13;9;3;10;4;9;2;11;11;6;15,0.0;0.0;0.0;0.0;0.0;0.0;0.0;0.0;0.0;0.0;0.0;0.0;0.0;0.0;0.0;0.0;0.0;0.0;0.0;0.0,0.0,0.0
captura_0000121_H123.csv,sentry.io,20,0.051676802628359685,0.0,0.0,0.0,10;17;1;20;3;14;20;5;13;5;17;17;20;19;14;13;12;13;8;7,0.051676802628359685;0.0;0.0;0.0;0.0;0.012403446226975614;0.0;0.0;0.02184873949579829;0.0;0.0;0.0;0.0;0.03238866396761132;0.012403446226975614;0.02184873949579829;0.012044817927170843;0.02184873949579829;0.0;0.0,0.009323169773224397,0.01426434354617983
captura_0000123_H123.csv,adnxs.com,20,0.0,0.0,0.0,0.0,2;15;17;6;17;5;18;7;4;20;12;18;2;3;10;13;19;19;7;13,0.0;0.0;0.0;0.0;0.0;0.0;0.0;0.0;0.0;0.0;0.0;0.0;0.0;0.0;0.0;0.0;0.0;0.0;0.0;0.0,0.0,0.0
captura_0000124_H123.csv,telekom.net,20,0.0,0.04286965622369353,0.0,0.0,2;20;8;14;5;3;18;1;5;9;13;4;7;5;12;10;4;4;15;8,0.0;0.0;0.0;0.0;0.04286965622369353;0.008703703703703708;0.0;0.08166666666666667;0.04286965622369353;0.0;0.0;0.008703703703703708;0.0;0.04286965622369353;0.0;0.00852514919011081;0.008703703703703708;0.008703703703703708;0.0;0.0,0.012680779967133645,0.022174569489111656
captura_0000125_H123.csv,nginx.com,20,0.039163086969903775,0.019462269241145438,0.019329364112071208,0.05492396683876291,1;13;17;18;18;15;19;1;3;15;18;16;17;1;20;18;20;9;18;3,0.039163086969903775;0.03925300989694931;0.048140446109768115;0.019462269241145438;0.019462269241145438;0.019329364112071208;0.05248447723554405;0.039163086969903775;0.05492396683876291;0.019329364112071208;0.019462269241145438;0.04467914566481917;0.048140446109768115;0.039163086969903775;0.06468990448229205;0.019462269241145438;0.06468990448229205;0.03694499263622978;0.019462269241145438;0.05492396683876291,0.03811647978173847,0.01602548021561639
captura_0000126_H123.csv,nist.gov,20,0.01991538421661377,0.023869304678509833,0.03312174845963354,0.03179891130794847,9;18;17;10;4;12;19;19;10;1;18;11;12;13;15;13;17;12;17;13,0.01991538421661377;0.020439448134900395;0.015585079202861563;0.03179891130794847;0.023869304678509833;0.04188111953369516;0.0192320635347961;0.0192320635347961;0.03179891130794847;0.03312174845963354;0.020439448134900395;0.040286168759243283;0.04188111953369516;0.03179891130794847;0.024476987281640463;0.03179891130794847;0.015585079202861563;0.04188111953369516;0.015585079202861563;0.03179891130794847,0.02762028847422232,0.009318394559329412
captura_0000127_H123.csv,dropbox.com,20,0.04045954015364854,0.04045954015364854,0.08921766981903989,0.05972267345311097,10;7;4;8;10;6;4;19;6;6;13;6;17;10;10;10;6;3;12;13,0.04045954015364854;0.05286548403809539;0.03471807387062285;0.05436994438827097;0.04045954015364854;0.08921766981903989;0.03471807387062285;0.05138123487378494;0.08921766981903989;0.08921766981903989;0.05972267345311097;0.08921766981903989;0.010073079526560346;0.04045954015364854;0.04045954015364854;0.04045954015364854;0.08921766981903989;0.010282932049224168;0.049865618159851834;0.05972267345311097,0.05330529187733487,0.024903713472165474
captura_0000129_H123.csv,gravatar.com,20,0.00894233734196735,0.0,0.00894233734196735,0.047377539451154596,6;5;12;8;2;8;8;7;7;6;11;6;11;18;16;8;15;18;3;20,0.00894233734196735;0.0;0.043819655521783185;0.0;0.0;0.0;0.0;0.03595867369554206;0.03595867369554206;0.00894233734196735;0.022321428571428603;0.00894233734196735;0.022321428571428603;0.00913848631239938;0.0;0.0;0.02084709924672921;0.00913848631239938;0.02254305977710236;0.047377539451154596,0.014812577159070575,0.015742668358957355
captura_0000130_H123.csv,app-analytics-services.com,20,0.0,0.0,0.0,0.0,7;15;8;10;19;13;7;14;11;3;15;3;20;12;13;18;10;19;3;14,0.0;0.0;0.0;0.0;0.0;0.0;0.0;0.0;0.0;0.0;0.0;0.0;0.0;0.0;0.0;0.14327651515151513;0.0;0.0;0.0;0.0,0.007163825757575756,0.03203760274580664
captura_0000131_H123.csv,windows.com,20,0.03777950983249706,0.04852685397553517,0.061598004931661475,0.03653721845658288,12;4;17;2;19;12;20;14;2;7;9;11;15;10;3;13;1;7;15;6,0.03777950983249706;0.0547690073200105;0.04401803585635938;0.04585995153737557;0.04852685397553517;0.03777950983249706;0.03213796508664627;0.08935139863649022;0.04585995153737557;0.061598004931661475;0.04861992248790112;0.003709079180777286;0.03325239161794007;0.04985970715028988;0.06593338801618427;0.038237672808148215;0.02382228068050184;0.061598004931661475;0.03325239161794007;0.03653721845658288,0.04462511227471877,0.01764707412546618
captura_0000132_H123.csv,github.io,20,0.007631874298540939,0.007494588744588729,0.006876138433515488,0.0,16;17;14;6;11;4;19;1;5;18;19;18;2;15;5;10;16;7;20;2,0.007631874298540939;0.0;0.0;0.006991525423728799;0.007494588744588729;0.0;0.0;0.005952380952380952;0.007494588744588729;0.006876138433515488;0.0;0.006876138433515488;0.0;0.036904761904761926;0.007494588744588729;0.012345679012345678;0.007631874298540939;0.006764498501674595;0.05042865963712359;0.0,0.00854436485649473,0.012787605834344505
captura_0000133_H123.csv,nih.gov,20,0.046228375698846295,0.04065288422146504,0.02643116845495861,0.005952380952380952,1;4;17;3;6;7;14;13;2;13;2;8;20;5;8;19;15;4;19;9,0.046228375698846295;0.005952380952380952;0.12953444124788313;0.03821229301322344;0.04065288422146504;0.04269631297495076;0.031025720473374582;0.02643116845495861;0.04326914446126819;0.02643116845495861;0.04326914446126819;0.029538418238108616;0.029538418238108616;0.019091847265221895;0.029538418238108616;0.05116053707457479;0.1635189719196348;0.005952380952380952;0.05116053707457479;0.005952380952380952,0.04295774721838359,0.03846429104055519
captura_0000134_H123.csv,criteo.com,20,0.053909158157942644,0.0901975613858116,0.052311088299668664,0.0602183791727007,2;19;16;15;4;13;9;18;13;17;12;3;4;15;10;18;20;3;1;11,0.053909158157942644;0.06588318726090171;0.029802262184804508;0.04836148768739381;0.0901975613858116;0.06179700204814973;0.07292610604525494;0.05779915021404386;0.06179700204814973;0.052311088299668664;0.05388741410211374;0.04921920293171735;0.0901975613858116;0.04836148768739381;0.03251636168125742;0.05779915021404386;0.04464801681113739;0.04921920293171735;0.08867443967507523;0.0602183791727007,0.058476261096254485,0.01679182553200261
captura_0000136_H123.csv,okcdn.ru,20,0.0,0.0,0.0,0.0,7;20;4;5;1;8;4;6;4;11;17;13;8;20;12;11;15;6;8;17,0.0;0.0;0.0;0.03598484848484852;0.0;0.0;0.0;0.0;0.0;0.0;0.0;0.0;0.0;0.0;0.0;0.0;0.0;0.0;0.0;0.0,0.001799242424242426,0.008046456737215161
captura_0000137_H123.csv,epicgames.com,20,0.0,0.0,0.0,0.0,14;15;17;10;10;18;6;3;16;14;17;15;20;20;17;4;16;13;1;4,0.0;0.006551752645502645;0.0;0.0;0.0;0.0;0.0;0.005555555555555556;0.0;0.0;0.0;0.006551752645502645;0.0;0.0;0.0;0.0;0.0;0.0;0.0;0.0,0.0009329530423280424,0.002286195361670875
captura_0000138_H123.csv,app-measurement.com,20,0.0,0.0,0.11631944444444442,0.0,3;12;7;14;15;18;10;14;6;13;17;6;4;19;4;15;2;7;3;15,0.0;0.0;0.0;0.0;0.0;0.0;0.0;0.0;0.0;0.11631944444444442;0.0;0.0;0.0;0.0;0.0;0.0;0.0;0.0;0.0;0.0,0.005815972222222221,0.0260098184882788
captura_0000140_H123.csv,t-online.de,20,0.08563500153714221,0.05508624844819891,0.0707046948205215,0.05135253670029083,18;5;13;1;6;4;12;10;15;10;11;4;16;16;4;15;12;11;15;4,0.08563500153714221;0.10458783460590519;0.023287356840790363;0.12427064277713627;0.05508624844819891;0.05135253670029083;0.03575944952957041;0.0707046948205215;0.04338364338364338;0.0707046948205215;0.091223558814862;0.05135253670029083;0.042846691211177235;0.042846691211177235;0.05135253670029083;0.04338364338364338;0.03575944952957041;0.091223558814862;0.04338364338364338;0.05135253670029083,0.060474847495676436,0.026371340664130723
captura_0000141_H123.csv,userapi.com,20,0.0523891772622679,0.055831239568529624,0.01740356817710584,0.10135678044679101,13;3;11;1;14;20;14;15;7;7;9;20;19;1;12;1;11;14;12;2,0.0523891772622679;0.03221893369507128;0.02949027085198898;0.017495655805639738;0.055831239568529624;0.02612364280994428;0.055831239568529624;0.06901140064538533;0.01740356817710584;0.01740356817710584;0.036803541417606556;0.02612364280994428;0.03075381971225482;0.017495655805639738;0.03610271007361006;0.017495655805639738;0.02949027085198898;0.055831239568529624;0.03610271007361006;0.10135678044679101,0.038037736156359164,0.021481771639376483
captura_0000142_H123.csv,pki.goog,20,0.0,0.0,0.0,0.12631416202844778,8;8;3;8;18;1;12;2;6;18;3;18;20;17;13;16;10;19;17;11,0.0;0.0;0.0;0.0;0.0;0.0;0.0;0.0;0.0;0.0;0.0;0.0;0.0;0.048520408163265305;0.05405342763297307;0.0;0.0;0.0;0.048520408163265305;0.12631416202844778,0.013870420299397572,0.03223085265854747
captura_0000143_H123.csv,tumblr.com,20,0.04490717615717618,0.05840394550967801,0.031576448243114896,0.006876138433515488,3;14;20;13;15;13;1;2;8;12;13;15;6;5;2;17;3;16;13;16,0.04490717615717618;0.056835746586439126;0.04698205447053373;0.09680674264007598;0.05840394550967801;0.09680674264007598;0.051049362397288696;0.053027305104867466;0.011842757936507936;0.031576448243114896;0.09680674264007598;0.05840394550967801;0.04502112949528306;0.011658653846153832;0.053027305104867466;0.006991525423728799;0.04490717615717618;0.006876138433515488;0.09680674264007598;0.006876138433515488,0.048780688968491415,0.030660669478368804
captura_0000146_H123.csv,dns.google,20,0.0,0.0,0.0,0.0,15;17;3;1;17;5;4;11;1;17;1;19;11;10;17;4;9;13;13;5,0.0;0.0;0.0;0.0;0.0;0.0;0.0;0.0;0.0;0.0;0.0;0.07499999999999996;0.0;0.0;0.0;0.0;0.17498852157943068;0.06547619047619047;0.06547619047619047;0.0,0.019047045126590577,0.044464324648215425
captura_0000148_H123.csv,xiaomi.com,20,0.0,0.0,0.0,0.0,14;12;9;6;19;2;3;9;14;11;5;4;12;19;16;1;3;17;9;12,0.0;0.0;0.0;0.0;0.0;0.0;0.0;0.0;0.0;0.0;0.0;0.0;0.0;0.0;0.0;0.0;0.0;0.0;0.0;0.0,0.0,0.0
captura_0000149_H123.csv,nytimes.com,20,0.046901215849818045,0.058657252430767276,0.05749262965680512,0.058017622287818045,8;8;19;16;4;18;10;5;4;6;14;19;19;12;18;10;5;12;6;3,0.046901215849818045;0.046901215849818045;0.043176505584550606;0.04405529831364722;0.058657252430767276;0.05904851278334004;0.0680205912879283;0.13747831061051824;0.058657252430767276;0.05749262965680512;0.10624572676994726;0.043176505584550606;0.043176505584550606;0.051345338080158384;0.05904851278334004;0.0680205912879283;0.13747831061051824;0.051345338080158384;0.05749262965680512;0.058017622287818045,0.06478679327618676,0.028500270285929653
captura_0000150_H123.csv,myfritz.net,20,0.06816229279148876,0.0273317474477153,0.08531712365795274,0.019175627240143364,2;20;14;15;11;17;15;19;1;16;6;18;9;14;5;13;13;2;17;14,0.06816229279148876;0.07672622748447905;0.019175627240143364;0.006450320512820499;0.0273317474477153;0.02795774486950955;0.006450320512820499;0.03300591146744988;0.005128205128205128;0.08531712365795274;0.049226620405913656;0.012784090909090901;0.052437389891258145;0.019175627240143364;0.06523381132756129;0.013188844086021504;0.013188844086021504;0.06816229279148876;0.02795774486950955;0.019175627240143364,0.03481182069798684,0.02592792686717938
captura_0000151_H123.csv,applovin.com,20,0.0,0.0,0.0,0.1226866883116883,3;14;12;2;9;2;17;15;4;14;17;16;17;11;17;11;12;9;3;1,0.0;0.0;0.011706349206349182;0.032352941176470584;0.0;0.032352941176470584;0.17343932109557106;0.0;0.0;0.0;0.17343932109557106;0.055581791945428304;0.17343932109557106;0.0;0.17343932109557106;0.0;0.011706349206349182;0.0;0.0;0.1226866883116883,0.04800721727025202,0.07061377386194018
captura_0000152_H123.csv,paypal.com,20,0.05667003958094586,0.032014033355188806,0.0033986405437825256,0.009228013165021032,14;3;16;6;6;10;8;17;11;12;13;20;15;9;2;6;2;10;14;8,0.05667003958094586;0.04455812806582489;0.025985968374446555;0.032014033355188806;0.032014033355188806;0.021908351184962177;0.009228013165021032;0.009084302325581401;0.03936082400229688;0.0033986405437825256;0.03891217415176816;0.011853226138940458;0.03157993086790645;0.019991722614971875;0.010701805474665106;0.032014033355188806;0.010701805474665106;0.021908351184962177;0.05667003958094586;0.009228013165021032,0.0258891717981137,0.015907104094528224
captura_0000153_H123.csv,ui.com,20,0.020544353746771906,0.019312965001742524,0.040847665847665804,0.005847953216374269,13;5;11;6;12;6;12;15;20;17;1;7;20;6;11;8;13;6;8;11,0.020544353746771906;0.05039762664786759;0.005847953216374269;0.025043760425749954;0.019312965001742524;0.025043760425749954;0.019312965001742524;0.01930955661479984;0.020805911491899854;0.040847665847665804;0.017211589580010622;0.005847953216374269;0.020805911491899854;0.025043760425749954;0.005847953216374269;0.04580071541567077;0.020544353746771906;0.025043760425749954;0.04580071541567077;0.005847953216374269,0.02321305922855054,0.01337217675878297
captura_0000154_H123.csv,archive.org,20,0.0,0.0,0.0,0.0,15;10;11;20;19;7;12;5;16;1;12;9;19;12;9;4;1;17;6;7,0.0;0.0531931931931932;0.04515075567707148;0.005986887508626627;0.0;0.0;0.00607416879795398;0.0;0.0;0.0;0.00607416879795398;0.0;0.0;0.00607416879795398;0.0;0.005739472349061404;0.0;0.0;0.010090090090090056;0.0,0.006919145260595235,0.014853487948034053
captura_0000155_H123.csv,ivi.ru,20,0.13367331299579344,0.0984308261308006,0.11578116082762005,0.07899894774122355,7;5;3;11;9;8;12;11;16;19;19;13;9;4;14;13;1;19;18;11,0.13367331299579344;0.09169375082670264;0.11687578050833655;0.07899894774122355;0.0984308261308006;0.1406003926700919;0.07610498080192751;0.07899894774122355;0.15130411820118478;0.11578116082762005;0.11578116082762005;0.09844122664863922;0.0984308261308006;0.0676307745040432;0.12928067867761847;0.09844122664863922;0.10074157932796428;0.11578116082762005;0.15113216057778558;0.07899894774122355,0.10685609801784295,0.025130456539553665
captura_0000156_H123.csv,one.one,20,0.03459863219674563,0.04098513999204356,0.024140055194165167,0.06318049165116134,8;20;13;14;16;19;9;7;20;15;12;8;4;13;4;7;18;5;13;4,0.03459863219674563;0.08254219467737137;0.0422832043842682;0.016281084685159982;0.04098513999204356;0.044661689335698786;0.013513147822550737;0.07179385398351813;0.08254219467737137;0.024140055194165167;0.022485236017943114;0.03459863219674563;0.06318049165116134;0.0422832043842682;0.06318049165116134;0.07179385398351813;0.04857313368055557;0.07516456886574076;0.0422832043842682;0.06318049165116134,0.04900322527077083,0.021596052647064188
captura_0000158_H123.csv,trbcdn.net,20,0.0,0.0,0.0,0.0,2;10;8;7;16;5;16;16;7;17;14;1;1;15;16;12;15;17;14;18,0.0;0.0;0.0;0.11977731864095498;0.0;0.0;0.0;0.0;0.11977731864095498;0.0;0.0;0.0;0.0;0.0;0.0;0.0;0.0;0.0;0.0;0.0,0.011977731864095498,0.03686668079892762
captura_0000159_H123.csv,forms.gle,20,0.0,0.0,0.0,0.0,16;15;2;9;20;15;9;10;15;11;11;11;10;4;16;7;6;7;4;11,0.0;0.0;0.0;0.1312457912457912;0.0;0.0;0.1312457912457912;0.0;0.0;0.0;0.0;0.0;0.0;0.03939393939393937;0.0;0.0;0.0;0.0;0.03939393939393937;0.0,0.017063973063973056,0.04086633978874518
captura_0000160_H123.csv,lencr.org,20,0.0,0.016504329004328973,0.0,0.013333333333333334,14;2;1;3;20;10;19;5;6;3;14;15;11;19;1;7;3;12;20;16,0.0;0.0;0.012820512820512822;0.0;0.016504329004328973;0.05360891523935001;0.0;0.06960227272727271;0.014222756410256412;0.0;0.0;0.014731182795698919;0.01586706646676658;0.0;0.012820512820512822;0.0;0.0;0.0;0.016504329004328973;0.013333333333333334,0.012000760531118078,0.018581796507772592
captura_0000164_H123.csv,aliyuncs.com,20,0.0,0.0,0.1333884297520661,0.0,17;2;13;2;18;12;16;11;18;6;6;17;13;18;19;19;20;18;19;1,0.0;0.0;0.0;0.0;0.0;0.0;0.0;0.0;0.0;0.1333884297520661;0.1333884297520661;0.0;0.0;0.0;0.0;0.0;0.0;0.0;0.0;0.0,0.01333884297520661,0.04105609240327534
captura_0000166_H123.csv,adriver.ru,20,0.10380116959064331,0.0625,0.0763888888888889,0.0763888888888889,10;2;19;12;9;15;2;6;20;18;16;5;12;18;18;17;4;8;20;17,0.10380116959064331;0.046763320337881775;0.055921052631578955;0.08333333333333337;0.0625;0.13512003693444133;0.046763320337881775;0.06528771673335387;0.0666727582846004;0.0763888888888889;0.04861111111111116;0.046763320337881775;0.08333333333333337;0.0763888888888889;0.0763888888888889;0.0763888888888889;0.05799368283459022;0.11659730283212062;0.0666727582846004;0.0763888888888889,0.07340393306808984,0.02339887117693939
captura_0000167_H123.csv,meraki.com,20,0.0,0.05673058353518219,0.0,0.015182186234817843,9;20;13;12;2;15;16;13;17;8;16;3;10;5;1;15;14;14;2;3,0.0;0.007323707888679629;0.0;0.04318488529014843;0.05673058353518219;0.0;0.007362155388471191;0.0;0.0;0.0;0.007362155388471191;0.015182186234817843;0.008754432624113512;0.0;0.30601039728197044;0.0;0.028030303030303023;0.028030303030303023;0.05673058353518219;0.015182186234817843,0.028994193973123025,0.06782400711480413
captura_0000168_H123.csv,medium.com,20,0.0,0.0,0.0,0.0,12;6;16;12;5;18;13;18;9;15;13;7;1;8;7;6;15;17;11;5,0.0;0.0;0.0;0.0;0.0;0.0;0.0;0.0;0.0;0.0;0.0;0.006656426011264706;0.058960792294125625;0.0;0.006656426011264706;0.0;0.0;0.0;0.0;0.0,0.003613682215832752,0.01318655028368197
captura_0000170_H123.csv,forbes.com,20,0.030349310776942383,0.0713755100789415,0.08423272940948054,0.08257163397875153,19;3;11;6;1;7;17;8;16;20;16;11;8;17;7;16;17;6;16;12,0.030349310776942383;0.007922109337203677;0.008075666163901441;0.02029349550502379;0.0713755100789415;0.03964907917559432;0.027472527472527486;0.007110851353984014;0.0755494505494505;0.08423272940948054;0.0755494505494505;0.008075666163901441;0.007110851353984014;0.027472527472527486;0.03964907917559432;0.0755494505494505;0.027472527472527486;0.02029349550502379;0.0755494505494505;0.08257163397875153,0.04056624312968556,0.029355837758497923
captura_0000172_H123.csv,cnn.com,20,0.0,0.0,0.0,0.0,20;19;8;15;16;10;12;3;20;7;15;13;18;17;3;18;4;15;20;19,0.0;0.0;0.0;0.0;0.0;0.0;0.0;0.0;0.0;0.0;0.0;0.0;0.0;0.0;0.0;0.0;0.0;0.0;0.0;0.0,0.0,0.0
captura_0000175_H123.csv,soundcloud.com,20,0.11821694836286144,0.0970171402222556,0.09340911015155365,0.0970171402222556,10;18;14;6;11;15;10;5;17;9;13;14;20;10;3;9;15;5;14;11,0.11821694836286144;0.09191998841395368;0.1177016501355256;0.11482661494349805;0.0970171402222556;0.10937994040591442;0.11821694836286144;0.08747181514907815;0.11927712187301251;0.09340911015155365;0.10313295625275758;0.1177016501355256;0.12971903968559098;0.11821694836286144;0.10727594123048666;0.09340911015155365;0.10937994040591442;0.08747181514907815;0.1177016501355256;0.0970171402222556,0.1074231734876032,0.012629950456964464
captura_0000176_H123.csv,t.co,20,0.11631944444444442,0.0,0.0,0.0,15;12;3;5;13;18;16;7;3;8;7;11;1;11;18;15;9;5;4;1,0.11631944444444442;0.0;0.0;0.0;0.0;0.0;0.0;0.0;0.0;0.0;0.0;0.0;0.0;0.0;0.0;0.11631944444444442;0.0;0.0;0.0;0.0,0.011631944444444441,0.03580236957797152
captura_0000177_H123.csv,rubiconproject.com,20,0.0,0.054805483357269966,0.0044236936427089315,0.0,7;20;1;15;13;11;1;5;9;5;19;7;14;10;7;10;13;14;2;17,0.0;0.020400861390559157;0.020400861390559157;0.0;0.054805483357269966;0.020400861390559157;0.020400861390559157;0.0044236936427089315;0.02551194926015325;0.0044236936427089315;0.019716952502809103;0.0;0.0;0.043516214490742874;0.0;0.043516214490742874;0.054805483357269966;0.0;0.0;0.0,0.016616156515332128,0.019216504962173267
captura_0000178_H123.csv,discord.gg,20,0.21072119134388703,0.0030503077143265766,0.003028139215064009,0.02168127843012802,4;19;8;12;6;19;14;5;13;16;6;17;2;6;17;2;16;6;20;10,0.21072119134388703;0.0;0.02338022439191502;0.0030956329463792454;0.0030503077143265766;0.0;0.0;0.05662525046514955;0.003072803195352208;0.003028139215064009;0.0030503077143265766;0.039397720971180564;0.0024330900243309003;0.0030503077143265766;0.039397720971180564;0.0024330900243309003;0.003028139215064009;0.0030503077143265766;0.0024330900243309003;0.02168127843012802,0.02114643010377996,0.04750613507095106
captura_0000179_H123.csv,wildberries.ru,20,0.0,0.0,0.0,0.0,8;5;17;19;19;16;20;19;16;13;17;10;2;17;14;1;15;15;7;14,0.0;0.0;0.008141025641025625;0.0;0.0;0.0;0.0;0.0;0.0;0.0;0.008141025641025625;0.0;0.0;0.008141025641025625;0.0;0.0;0.0;0.0;0.0;0.0,0.0012211538461538436,0.0029824447861301513
captura_0000181_H123.csv,w3.org,20,0.0,0.0,0.0,0.0,4;20;8;11;10;13;3;1;2;17;6;8;13;15;2;12;18;12;2;6,0.0;0.014573070607553328;0.39108237547892716;0.0;0.0;0.0;0.0;0.0;0.0;0.0;0.0;0.39108237547892716;0.0;0.0;0.0;0.0;0.24583333333333335;0.0;0.0;0.0,0.05212855774493705,0.12818356909523132
captura_0000183_H123.csv,theguardian.com,20,0.043503331341169155,0.0,0.006923207611280992,0.0038017792604948435,8;2;14;10;1;5;4;11;7;6;19;16;12;12;1;14;18;10;9;9,0.043503331341169155;0.003003003003003003;0.05898892904576139;0.007335817419655347;0.0;0.0;0.0;0.0;0.003144654088050314;0.006923207611280992;0.0037674037674037446;0.003836787858194572;0.0038724472135687193;0.0038724472135687193;0.0;0.05898892904576139;0.0030581039755351682;0.007335817419655347;0.0038017792604948435;0.0038017792604948435,0.010761721876179877,0.01892820968458569
captura_0000185_H123.csv,casalemedia.com,20,0.04989722047464263,0.028763870938564848,0.037321746880570404,0.07452781112444974,14;16;16;13;20;15;7;12;9;18;10;6;16;16;9;8;7;7;15;5,0.04989722047464263;0.05080226041764502;0.05080226041764502;0.04257924880001066;0.028763870938564848;0.02432852577564965;0.026292335115864564;0.07494792422833642;0.0898379351740696;0.037321746880570404;0.13487213167815604;0.0807142302683215;0.05080226041764502;0.05080226041764502;0.0898379351740696;0.04713955026455028;0.026292335115864564;0.026292335115864564;0.02432852577564965;0.07452781112444974,0.05405913517876074,0.02892549509221237
captura_0000187_H123.csv,yandex.ru,20,0.03645833333333337,0.0,0.0,0.0,9;14;18;3;16;15;10;11;8;18;7;17;9;18;17;15;12;19;17;16,0.03645833333333337;0.23640039344801517;0.0;0.022767857142857117;0.0;0.0;0.0;0.0;0.045138888888888895;0.0;0.035987654320987675;0.014087301587301562;0.03645833333333337;0.0;0.014087301587301562;0.0;0.035987654320987675;0.03705357142857146;0.014087301587301562;0.0,0.026425729548943972,0.052159483674737266
captura_0000190_H123.csv,adobe.io,20,0.003745318352059925,0.004715762273901799,0.03859560020949432,0.05557958209325396,9;17;10;2;6;15;13;5;17;1;1;10;5;17;5;8;11;1;12;13,0.003745318352059925;0.019757988277557217;0.027183065976169454;0.0;0.004715762273901799;0.009878994138778609;0.05557958209325396;0.012374581939799362;0.019757988277557217;0.03859560020949432;0.03859560020949432;0.027183065976169454;0.012374581939799362;0.019757988277557217;0.012374581939799362;0.045408163265306126;0.004662961559513274;0.03859560020949432;0.025122549019607844;0.05557958209325396,0.023562177801428354,0.017014741458446378
captura_0000192_H123.csv,kaspersky.com,20,0.05152552685944511,0.04179743867243867,0.10588850574712641,0.02905478139992205,19;12;3;15;11;10;13;11;4;9;14;12;3;9;17;6;9;3;17;2,0.05152552685944511;0.10182918001911508;0.0340892852013558;0.03173166685816054;0.04179743867243867;0.015783168613357292;0.0540791297943091;0.04179743867243867;0.06906279865919959;0.10588850574712641;0.08960823569381161;0.10182918001911508;0.0340892852013558;0.10588850574712641;0.01520711704197943;0.06399472509963577;0.10588850574712641;0.0340892852013558;0.01520711704197943;0.02905478139992205,0.057122043864517705,0.03335138759753592
captura_0000193_H123.csv,sciencedirect.com,20,0.0,0.0,0.0,0.0,6;17;20;8;2;5;14;6;1;9;16;6;8;15;6;18;7;17;7;5,0.0;0.0;0.0;0.0;0.0;0.0;0.0;0.0;0.0;0.0;0.0895061728395062;0.0;0.0;0.0;0.0;0.0;0.0;0.0;0.0;0.0,0.00447530864197531,0.020014188687498123
captura_0000194_H123.csv,linkos.bg,20,0.016319444444444484,0.0,0.02341269841269844,0.03589743589743588,13;12;12;2;17;17;15;5;2;18;9;11;13;20;20;5;17;4;20;14,0.016319444444444484;0.017223910840932152;0.017223910840932152;0.03381458966565348;0.0;0.0;0.04519019327958029;0.0;0.03381458966565348;0.02341269841269844;0.0;0.0;0.016319444444444484;0.0;0.0;0.0;0.0;0.0;0.0;0.03589743589743588,0.011960810874588742,0.015270442167525586
captura_0000195_H123.csv,miui.com,20,0.07002901160464187,0.054036177131745,0.030792682926829282,0.05864740480125095,11;16;15;11;8;5;15;20;9;9;9;20;10;10;11;14;13;9;8;19,0.07002901160464187;0.08037918871252205;0.05209134615384619;0.07002901160464187;0.054036177131745;0.06550269905533065;0.05209134615384619;0.11782337578906206;0.030792682926829282;0.030792682926829282;0.030792682926829282;0.11782337578906206;0.027412280701754388;0.027412280701754388;0.07002901160464187;0.09615146058423368;0.06910489982352329;0.030792682926829282;0.054036177131745;0.05864740480125095,0.06028848895254593,0.027679394277467875
captura_0000196_H123.csv,amazonvideo.com,20,0.0,0.04941411415342896,0.05718396276063738,0.06393255190046634,2;11;12;14;10;3;8;13;17;3;10;9;8;10;3;1;18;17;13;1,0.0;0.023990042582634947;0.04914521546922862;0.07561746808256768;0.04941411415342896;0.05718396276063738;0.06675490196078429;0.0506505854800937;0.030659407932135188;0.05718396276063738;0.04941411415342896;0.021225719203344016;0.06675490196078429;0.04941411415342896;0.05718396276063738;0.06393255190046634;0.0416583706653393;0.030659407932135188;0.0506505854800937;0.06393255190046634,0.04777129706461363,0.01847645678625817
captura_0000197_H123.csv,android.com,20,0.0,0.007407407407407408,0.0,0.0,15;10;12;15;14;8;14;6;9;19;6;9;9;2;16;7;9;2;6;19,0.0;0.04144488361879661;0.009557787174066239;0.0;0.007407407407407408;0.03129089902345715;0.007407407407407408;0.025609080841638973;0.007407407407407408;0.0;0.025609080841638973;0.007407407407407408;0.007407407407407408;0.00894233734196735;0.0;0.0;0.007407407407407408;0.00894233734196735;0.025609080841638973;0.0,0.011072496573480804,0.012123857285433071
captura_0000199_H123.csv,gmail.com,20,0.0,0.0,0.0,0.08808092948717948,12;9;12;14;13;16;1;14;4;11;11;1;9;6;10;20;17;1;1;10,0.0;0.0;0.0;0.05128205128205129;0.0;0.0;0.0;0.05128205128205129;0.0;0.0;0.0;0.0;0.0;0.0;0.08808092948717948;0.0;0.0;0.0;0.0;0.08808092948717948,0.013936298076923077,0.029816800072110395
